ident,type,name,latitude_deg,longitude_deg,municipality,iso_region,icao_code,gps_code
AGY,small_airport,Argyle Downs Airport,-16.508604,128.922485,Argyle Downs,AU-WA,,
ANZ,small_airport,Angus Downs Airport,-25.0325,132.2748,Angus Downs Station,AU-NT,,YADN
AU-0002,small_airport,Dwellingup Airstrip,-32.6926994324,116.074996948,Dwellingup,AU-WA,,
AU-0003,small_airport,Tjukayirla Roadhouse Airstrip,-27.155199,124.584999,Cosmo Newbery,AU-WA,,
AU-0004,small_airport,Langley Park Airstrip,-31.9612293243,115.867866516,Perth,AU-WA,,
AU-0005,small_airport,Myrup fly in estate Airport,-33.789272,121.956847,,AU-WA,,YMYU
AU-0006,small_airport,Harrismith Airport,-32.9418449402,117.865447998,Harrismith,AU-WA,,
AU-0007,small_airport,Kulin Airport,-32.6721992493,118.168998718,,AU-WA,,
AU-0008,heliport,Althorpe Lighthouse,-35.371536,136.86033,Althorpe Islands,AU-SA,,
AU-0009,small_airport,Pinjarra North Airstrip,-32.5803985596,115.885002136,Pinjarra,AU-WA,,
AU-0010,small_airport,Pinjarra Skydiving Airstrip,-32.66652,115.881745,Pinjarra,AU-WA,,
AU-0011,small_airport,Wheeler Field,-32.7874909969,115.789482594,,AU-WA,,
AU-0012,small_airport,Lake Clifton Airstrip,-32.7909355164,115.670883179,Lake Clifton,AU-WA,,
AU-0013,small_airport,Between Lakes Private Airstrip,-32.849998474121094,115.63999938964844,,AU-WA,,
AU-0014,small_airport,Abrolhos East Wallabi Island Airport,-28.43785,113.735583333,Abrolhos,AU-WA,,
AU-0015,small_airport,Bremer Bay Airport,-34.380561828599994,119.331947327,Bremer Bay,AU-WA,,
AU-0016,small_airport,Middlebrook Station Scone Airstrip,-31.9711685181,150.811477661,Middlebrook Station,AU-NSW,,
AU-0017,small_airport,Lily Dutch Windmill Airstrip,-34.2250022888,118.216148376,,AU-WA,,
AU-0018,small_airport,Preston Field - Blair Howe,-33.022077,115.702204,,AU-WA,,YPFL
AU-0019,small_airport,Avoca Airport,-41.781700134277344,147.7194061279297,Avoca,AU-TAS,,
AU-0020,small_airport,Kukerin,-33.17490005493164,118.08499908447266,Kukerin WA,AU-WA,,
AU-0021,small_airport,Karijini National Park,-22.487101,118.468002,,AU-WA,,
AU-0022,small_airport,Cardabia Homestead Airstrip,-23.106024,113.805229,Lyndon,AU-WA,,
AU-0023,small_airport,Woodbury Airfield,-42.162421,147.45011,Woodbury,AU-TAS,,YWOD
AU-0025,small_airport,Northcliffe Airstrip,-34.660026,116.140803,Boorara Brook,AU-WA,,
AU-0026,small_airport,Yuin Station,-27.983333587646484,116.03333282470703,,AU-WA,,
AU-0027,small_airport,Boobyalla Airfield,-40.89821,147.86132,Dorset,AU-TAS,,
AU-0028,small_airport,Moonambel Airfield,-36.9716682434082,143.28611755371094,,AU-VIC,,
AU-0029,small_airport,Stirling Range Retreat,-34.312400817871094,118.18599700927734,,AU-WA,,
AU-0030,small_airport,Frankland Valley Vineyard Airport,-34.347698,116.952003,Frankland River,AU-WA,,
AU-0032,small_airport,Tumbarumba Airport,-35.762604,147.886885,Tumbarumba,AU-NSW,,
AU-0033,small_airport,Tardun Christian Brothers airfield,-28.70870018005371,115.8176498413086,,AU-WA,,
AU-0034,heliport,Royal Prince Alfred Hospital Helipad,-33.889332,151.183685,Sydney,AU-NSW,,YRPA
AU-0035,heliport,Royal North Shore Hospital Helipad,-33.821224,151.192023,Sydney,AU-NSW,,YXNS
AU-0037,small_airport,Glentromie Airstrip,-30.91983,116.234949,Glentromie,AU-WA,,
AU-0038,small_airport,Abrolhos North Island,-28.299816666699996,113.5958,,AU-WA,,YNTI
AU-0039,small_airport,Abrolhos Island,-28.4754062982,113.689184189,,AU-WA,,
AU-0040,small_airport,Kilcoy Airfield,-26.971128,152.566575,Kilcoy,AU-QLD,,
AU-0041,small_airport,Maitraya Resort Airstrip,-34.987464,118.055563,Nanarup,AU-WA,,
AU-0043,small_airport,Chittering Airstrip,-31.5211908201,116.147289276,Chittering,AU-WA,,
AU-0044,small_airport,Trawalla Airport,-37.438747364399994,143.458957672,,AU-VIC,,
AU-0045,small_airport,Pomonal Airstrip,-37.231077,142.676517,,AU-VIC,,
AU-0046,small_airport,Lake Eyre North,-28.416666666699996,137.3,,AU-SA,,
AU-0047,small_airport,Yardie Homestead,-21.881568,114.00944,Exmouth,AU-WA,,
AU-0048,small_airport,Kulin Bush Races Strip,-32.664444444400004,118.310833333,Kulin,AU-WA,,
AU-0049,small_airport,Kooringal Airstrip,-27.3458333333,153.425833333,,AU-QLD,,
AU-0050,small_airport,Huntfield Airfield,-35.1725454513,138.493609428,Morphett Vale,AU-SA,,
AU-0051,heliport,Townsville University Hospital Heliport,-19.32024,146.76059,Townsville,AU-QLD,,YXTL
AU-0052,small_airport,Lake Omeo Dry Lake Ultralightport,-36.9617573795,147.672729492,,AU-VIC,,
AU-0053,small_airport,Snowy Range Airfield,-37.3485734147,146.766046286,,AU-VIC,,
AU-0054,small_airport,Delatite Airstrip,-37.145053,146.159431,Delatite,AU-VIC,,
AU-0055,heliport,Brooklyn Oval Helicopter Landing Site,-33.5473,151.215684,Brooklyn,AU-NSW,,
AU-0056,heliport,Brooklyn TMC - Olivers Garage Helipad,-33.5562,151.1936,Brooklyn,AU-NSW,,
AU-0057,heliport,Brooms Head Heliport,-29.6068,153.332,Brooms Head,AU-NSW,,
AU-0058,heliport,Cowal Gold Mine Helipad,-33.6553,147.40036,West Wyalong,AU-NSW,,
AU-0059,heliport,Blackwater Hospital Helipad,-23.571308,148.877985,Blackwater,AU-QLD,,YXKW
AU-0060,small_airport,Miralwyn Airport,-30.149,147.327,,AU-NSW,,
AU-0061,heliport,Inverell Hospital Helipad,-29.771656,151.131282,Inverell,AU-NSW,,YXIV
AU-0062,heliport,Blackheath - NPWS Helipad,-33.628062,150.306706,Blackheath - NPWS,AU-NSW,,
AU-0063,heliport,Lismore - Mortimer Oval Helicopter Landing Site,-28.808344,153.284455,Lismore,AU-NSW,,
AU-0064,heliport,Lismore Helibase,-28.801211,153.288242,Lismore,AU-NSW,,
AU-0065,heliport,Long Reef Helipad,-33.73922,151.31033,Collaroy,AU-NSW,,
AU-0066,heliport,Agnes Water SES Grounds HLS,-24.1828,151.8826,Agnes Water,AU-QLD,,
AU-0067,heliport,Adelaide River Helicopter Landing Site,-13.2362,131.10796,Adelaide River,AU-NT,,
AU-0068,heliport,Amity Heliport,-27.4031,153.44,Amity,AU-QLD,,
AU-0069,heliport,Appin Colliery Helipad,-34.2098,150.7914,Appin,AU-NSW,,
AU-0070,heliport,Baal Bone Colliery Helipad,-33.26958,150.05846,Lithgow,AU-NSW,,
AU-0071,small_airport,Sherlock Ultralight Airfield,-35.3202777778,139.792522222,Sherlock,AU-SA,,
AU-0072,heliport,Braidwood Helicopter Landing Site,-35.448,149.8011,Braidwood,AU-NSW,,
AU-0073,small_airport,Warroora Station Airstrip,-23.47487,113.79925,Lyndon,AU-WA,,
AU-0074,heliport,Longford Heliport,-38.21962,147.16922,Bass Straight Oil and Gas industry,AU-VIC,,YUOF
AU-0076,heliport,West Cliff Colliery Helipad,-34.234073,150.829822,Appin,AU-NSW,,
AU-0077,heliport,Toonumbar Dam Helipad,-28.61835,152.79353,,AU-NSW,,
AU-0078,heliport,Tucabia Oval Helicopter Landing Site,-29.66,153.1056,Tucabia,AU-NSW,,
AU-0079,heliport,Urbenville Helipad,-28.46907,152.55133,Urbenville,AU-NSW,,
AU-0080,heliport,Wanda Beach Helipad,-34.040487,151.1635,Cronulla,AU-NSW,,
AU-0081,small_airport,Lady Elliot Island Airstrip,-24.1129,152.7156,Lady Elliot Island,AU-QLD,YLTT,YLTT
AU-0082,heliport,Clairview Heliport,-22.09246,149.51908,Clairview,AU-QLD,,
AU-0083,heliport,Clermont Hospital Helipad,-22.827031,147.63127,Clermont,AU-QLD,,
AU-0084,heliport,Brisbane Water Police Helipad,-27.40104,153.16415,Brisbane,AU-QLD,,
AU-0085,small_airport,Nambung Station Private Airstrip,-30.576795,115.235019,Nambung,AU-WA,,
AU-0086,heliport,Carmila Town Helicopter Landing Site,-21.9092,149.417,Carmila,AU-QLD,,
AU-0087,heliport,Redland Hospital Helicopter Landing Site,-27.534323,153.261171,Cleveland,AU-QLD,,
AU-0088,heliport,Couran Cove Resort Helipad,-27.8239,153.4092,Couran Cove Resort,AU-QLD,,YCOV
AU-0089,heliport,Crows Nest Helipad,-27.2649,152.0587,Crows Nest,AU-QLD,,YCNT
AU-0090,small_airport,Dingo Airstrip,-23.655,149.338,Dingo,AU-QLD,,
AU-0091,heliport,Dululu Helicopter Landing Site,-23.8479,150.2625,Dululu,AU-QLD,,
AU-0092,heliport,Emerald Hospital Helicopter Landing Site,-23.5166,148.1539,Emerald,AU-QLD,,
AU-0093,heliport,Orchid Beach Resort Helipad,-24.96,153.3154,Fraser Island,AU-QLD,,
AU-0094,small_airport,Toby's Gap Airstrip,-25.5887,153.0646,Fraser Island,AU-QLD,,
AU-0095,heliport,Hook Island Helipad,-20.1574,148.9481,Hook Island,AU-QLD,,
AU-0096,heliport,Hail Creek Mine Heliport,-21.4888,148.3585,Nebo,AU-QLD,,
AU-0097,heliport,Goomeri Oval Helicopter Landing Site,-26.1795,152.0658,Goomeri,AU-QLD,,
AU-0098,heliport,Gold Coast Water Police Helicopter Landing Site,-27.97,153.427,Gold Coast,AU-QLD,,
AU-0099,heliport,Glenden Township Heliport,-21.360768,148.11545,Glenden,AU-QLD,,
AU-0100,heliport,Gladstone Hospital Helipad,-23.849835,151.248559,Gladstone,AU-QLD,,YXDT
AU-0101,heliport,Facing Island Farmers Cove Helicopter Landing Site,-23.7738,151.3269,Gladstone,AU-QLD,,
AU-0102,heliport,Facing Island - Gatcomb Head Helipad,-23.8758,151.3718,Rockhampton,AU-QLD,,
AU-0103,heliport,Eurong Heliport,-25.505,153.1292,Eurong Ranger's Station,AU-QLD,,
AU-0104,heliport,Boggabilla Fuel Depot Landing Site,-28.6089,150.352,Goondiwindi,AU-NSW,,
AU-0105,small_airport,Boggabilla Airstrip,-28.649343,150.344505,Goondiwindi,AU-NSW,,
AU-0106,small_airport,Valley View,-28.699218,114.911043,Geraldton,AU-WA,,
AU-0107,small_airport,Midway,-32.672544,115.789526,,AU-WA,,
AU-0108,small_airport,Wheeler Drome,-32.786914,115.910386,,AU-WA,,
AU-0109,small_airport,Unknown Farm Strip,-33.094903,115.717181,,AU-WA,,
AU-0110,small_airport,Murgenella Airstrip,-11.5494,132.9142,Murganella,AU-NT,,
AU-0111,heliport,Olinda (DSE) Helibase,-37.8594,145.3766,Olinda / Mt Dandenong,AU-VIC,,
AU-0112,small_airport,Aileron Airstrip,-22.652908,133.347244,Anmatjere,AU-NT,,YALR
AU-0113,small_airport,Overlander Airport,-26.407707,114.45385,Hamelin Pool,AU-WA,,
AU-0114,small_airport,Denman Farm Strip,-32.379816,150.695005,Denman,AU-NSW,,
AU-0115,small_airport,Swan Reach Airport,-34.556053,139.592156,Swan Reach,AU-SA,,YSWR
AU-0117,small_airport,Balma Airfield,-13.247423,135.848699,,AU-NT,,
AU-0118,small_airport,Ban Ban Airfield,-13.376886,131.495318,Ban Ban Springs,AU-NT,,
AU-0119,small_airport,Banka Banka Airstrip,-18.79853,134.039619,Tablelands,AU-NT,,
AU-0120,small_airport,Baygurrtji Airfield,-13.146384,135.817344,,AU-NT,,
AU-0121,small_airport,Wright Field,-36.093359,143.782748,Yando,AU-VIC,,
AU-0122,small_airport,Birany Birany Airfield,-12.816959,136.471556,,AU-NT,,
AU-0123,small_airport,Bullita Airfield,-16.119461,130.429044,Gregory,AU-NT,,
AU-0124,small_airport,Bunda Landing Ground,-17.996474,129.348671,Bunda Station,AU-NT,,
AU-0125,small_airport,Chilla Well Landing Ground,-21.499888,130.961747,,AU-NT,,
AU-0126,small_airport,Cox River Landing Ground,-15.867686,134.558959,Arnold,AU-NT,,
AU-0127,small_airport,Crab Claw Island Landing Ground,-12.713254,130.622849,Bynoe,AU-NT,,
AU-0128,small_airport,Donydji Airport,-12.888913,135.466661,East Arnhem,AU-NT,,
AU-0129,small_airport,Manyallaluk Airport,-14.265449,132.82983,Eva Valley,AU-NT,,
AU-0130,small_airport,Finniss River Landing Ground,-12.872221,130.54513,Bynoe,AU-NT,,
AU-0131,small_airport,Fish River Landing Ground,-14.188069,130.881436,Tipperary,AU-NT,,
AU-0132,heliport,Boggabri Hospital Heliport,-30.710741,150.039698,Boggabri,AU-NSW,,
AU-0133,heliport,Bonalbo - Cricket oval HLS,-28.738,152.625167,Bonalbo,AU-NSW,,
AU-0134,heliport,Boorowa Helicopter Landing Site,-34.4435,148.704667,Boorowa,AU-NSW,,
AU-0135,heliport,Bungendore Helicopter Landing Site,-35.254,149.444667,Bungendore,AU-NSW,,
AU-0136,heliport,Bungonia NP Heliport,-34.808073,150.006799,Bungonia,AU-NSW,,
AU-0137,heliport,Burringbar Sports Club Helicopter Landing Site,-28.436563,153.467841,Burringbar,AU-NSW,,
AU-0138,heliport,Byron Central Hospital - Cavanbah Sporting Complex HLS,-28.635167,153.577167,Byron Bay,AU-NSW,,
AU-0139,heliport,Dundee Beach First Aid Post Helipad,-12.752131,130.381982,Dundee Beach,AU-NT,,
AU-0140,heliport,Dundee Downs First Aid Post HLS,-12.770746,130.529664,Dundee Downs,AU-NT,,
AU-0141,small_airport,Gerald Farm Airfield,-12.500167,130.765833,,AU-NT,,
AU-0142,heliport,Gypsy Springs - African Mahogany HLS,-13.972167,131.4085,,AU-NT,,
AU-0143,heliport,Katherine Hospital Helipad,-14.440093,132.270895,Katherine,AU-NT,,
AU-0144,heliport,Dungog Hospital Helipad,-32.401167,151.745833,Dungog,AU-NSW,,
AU-0145,heliport,Appin West Colliery Heliport,-34.2185,150.717167,Douglas Park,AU-NSW,,
AU-0146,heliport,Aussies - Austral Bricks Helicopter landing Site,-33.829553,150.811172,Horsley Park,AU-NSW,,
AU-0147,heliport,"Baradine Oval Helicopter landing Site,",-30.951667,149.065167,Baradine,AU-NSW,,
AU-0148,heliport,Blackbutt Helicopter Landing Site,-26.889483,152.104758,Blackbutt,AU-QLD,,
AU-0149,heliport,Boggabri Coal Homestead Helipad,-30.631302,150.141199,Boggabri,AU-NSW,,
AU-0150,heliport,Baulkham Hills Private Hospital Helicopter Landing Site,-33.744812,150.990617,Baulkham Hills,AU-NSW,,
AU-0151,heliport,Biloela Sports Field Helicopter Landing Site,-24.393576,150.512041,Biloela,AU-QLD,,
AU-0152,heliport,LNP Florence Buley Rd Intersection Helicopter Landing Site,-13.126329,130.804757,Litchfield National Park,AU-NT,,
AU-0153,heliport,LNP Florence Falls Campground Helicopter Landing Site,-13.096857,130.784651,Litchfield National Park,AU-NT,,
AU-0154,heliport,LNP Lost City Gravel Pit Helicopter Landing Site,-13.206691,130.754707,Litchfield National Park,AU-NT,,
AU-0155,heliport,LNP Sandy Creek Falls Helicopter Landing Site,-13.255235,130.732069,Litchfield National Park,AU-NT,,
AU-0156,heliport,LNP Termite Mounds Carpark Helicopter Landing Site,-13.10344,130.84484,Litchfield National Park,AU-NT,,
AU-0157,heliport,LNP Tolmer Falls Carpark Helicopter Landing Site,-13.20268,130.713733,Litchfield National Park,AU-NT,,
AU-0158,heliport,LNP Walker Creek Ranger Station Helicopter Landing Site,-13.080815,130.692571,Litchfield National Park,AU-NT,,
AU-0159,heliport,LNP Wangi Carpark Helicopter Landing Site,-13.162404,130.68168,Litchfield National Park,AU-NT,,
AU-0160,heliport,Pickertaramoor Oval Helicopter Landing Site,-11.763743,130.891778,Pickertaramoor,AU-NT,,
AU-0161,heliport,Caloola Farm Top Naas Valley Helicopter Landing Site,-35.670667,149.068833,Canberra,AU-ACT,,
AU-0162,heliport,Canberra Training Area C30 Helicopter Landing Site,-35.495181,149.285059,Canberra,AU-ACT,,
AU-0163,heliport,Angus Place Colliery Heliport,-33.352098,150.098981,Lidsdale,AU-NSW,,
AU-0164,heliport,Bankstown - City Sports Complex HLS,-33.926981,151.023045,Bankstown,AU-NSW,,
AU-0165,heliport,Bulahdelah Showground Helicopter Landing Site,-32.4055,152.203333,Bulahdelah,AU-NSW,,
AU-0166,heliport,Poitrel Mine Helicopter Landing Site,-22.039842,148.261292,Moranbah,AU-QLD,,
AU-0167,heliport,Charlotte Pass Medical Centre HLS,-36.434153,148.333417,Charlotte Pass,AU-NSW,,
AU-0168,heliport,Batemans Bay ALT Hanging Rock HLS,-35.721,150.1955,Batemans Bay,AU-NSW,,
AU-0169,heliport,Batemans Bay Mackay Park HLS,-35.708333,150.1725,Batemans Bay,AU-NSW,,
AU-0170,heliport,Bathurst Hospital Alternate (Victoria Park) Helipad,-33.407196,149.574115,Bathurst,AU-NSW,,
AU-0171,heliport,Cabramurra Helicopter Landing Site,-35.939833,148.377333,Cabramurra,AU-NSW,,
AU-0172,heliport,Cadia Mine(Ridgeway) Helicopter Landing Site,-33.44435,149.000842,Cadia Mine,AU-NSW,,
AU-0173,heliport,Camden - Onslow Park HLS,-34.05324,150.691285,Camden,AU-NSW,,
AU-0174,small_airport,Derby Field,-36.6128,144.0186,Bridgewater,AU-VIC,,
AU-0175,small_airport,Rothwell Airfield,-37.916945,144.483743,Little River,AU-VIC,,
AU-0176,heliport,New Pelion Hut Helipad,-41.829346,146.04582,Cradle Mountain-Lake St Clair National Park,AU-TAS,,
AU-0177,heliport,Macquarie Island Station Heliport,-54.49852,158.93804,Macquarie Island Station,AU-TAS,YMQI,
AU-0180,heliport,Flinders Medical Centre Helipad,-35.020027,138.568577,Bedford Park,AU-SA,,
AU-0181,heliport,Lyell McEwin Hospital Helipad,-34.748851,138.665843,Elizabeth Vale,AU-SA,,
AU-0182,heliport,Parra Wirra Helipad,-34.678754,138.83491,Yattalunga,AU-SA,,
AU-0183,heliport,Murray Bridge Soldiers Memorial Hospital Helipad,-35.128213,139.280722,Murray Bridge,AU-SA,,
AU-0184,heliport,Penny's Hill Helipad,-35.245791,138.551143,McLaren Vale,AU-SA,,
AU-0185,heliport,South Coast District Hospital Helipad,-35.561805,138.606714,Victor Harbor,AU-SA,,
AU-0186,heliport,Royal Adelaide Hospital Helipad,-34.920671,138.586129,Adelaide,AU-SA,,
AU-0187,heliport,South Coast Heliport,-35.267564,138.919461,Strathalbyn,AU-SA,,
AU-0188,small_airport,Strowan,-32.460996,150.861705,Jerry Plains,AU-NSW,,
AU-0189,heliport,Coochiemudlo - Cricket Oval HLS,-27.569128,153.334197,Coochiemudlo Island,AU-QLD,,
AU-0190,heliport,Tully Hospital Heliport.,-17.926895,145.923446,Tully,AU-QLD,,YXTU
AU-0191,small_airport,Dundee Beach Airport,-12.720112,130.361831,Dundee Beach,AU-NT,,
AU-0192,small_airport,Channel Point Airport,-13.15257,130.14333,Rakula,AU-NT,,
AU-0193,small_airport,Bulgul Airport,-13.10456,130.16128,Rakula,AU-NT,,
AU-0194,small_airport,Sabina Airport,-13.85902,129.93136,Nemarluk,AU-NT,,
AU-0195,small_airport,Nadirri Airport,-13.94685,129.77638,Thamarrurr,AU-NT,,
AU-0196,small_airport,Perrederr Airport,-14.02022,129.8218,Thamarrurr,AU-NT,,
AU-0197,small_airport,Yederr Airport,-14.02481,129.72806,Thamarrurr,AU-NT,,
AU-0198,small_airport,Fossil Head Airport,-14.54377,129.52652,Thamarrurr,AU-NT,,
AU-0199,small_airport,Wombungi Station Airport,-14.77569,131.04727,Bradshaw,AU-NT,,
AU-0200,small_airport,Digger's Rest Station Airport,-15.62331,128.06102,Durack,AU-WA,,
AU-0201,small_airport,Cygnet Bay Pearl Farm Airport,-16.44032,123.01758,Dampier Peninsula,AU-WA,,
AU-0202,small_airport,Arrow Pearling Base Airport,-16.947598,122.49758,Dampier Peninsula,AU-WA,,
AU-0203,small_airport,Meda Airport,-17.36042,123.99276,Meda,AU-WA,,
AU-0205,small_airport,Kynuna Town Strip (Glenagra),-21.535126,141.838249,Kynuna,AU-QLD,,
AU-0206,small_airport,Minilya Airport,-23.80655,114.00853,Minilya,AU-WA,,
AU-0208,small_airport,Chuulangun Airport,-13.11818,143.00533,Lockhart River,AU-QLD,,
AU-0209,small_airport,Wyberba Airstrip,-28.847287,151.857834,Wyberba,AU-QLD,,
AU-0210,small_airport,KESWICK ISLAND AIRSTRIP,-20.920538,149.422839,KESWICK ISLAND,AU-QLD,,
AU-0211,small_airport,Lundavra Private Airstrip,-28.026001,150.026486,Lundavra,AU-QLD,,
AU-0212,small_airport,Mount Walker airstrip,-27.76846,152.520597,Mount Walker West QLD 4340,AU-QLD,,
AU-0213,small_airport,Archer Falls Airfield,-26.974977,152.666767,Mount Archer,AU-QLD,,
AU-0214,small_airport,george lees airfield,-27.049228,151.274228,"Pirrinuan, QLD 4405",AU-QLD,,
AU-0215,small_airport,Hall Airport,-35.144284,149.042952,Wallaroo,AU-NSW,,YHAL
AU-0216,small_airport,FORESTVALE AIRSTRIP,-25.805775,147.953224,FORESTVALE,AU-QLD,,
AU-0217,small_airport,Dirranbandi,-28.98134,148.054848,Dirranbandi,AU-QLD,,
AU-0219,small_airport,Greenfield (Cootharaba) Airfield,-26.292993,152.961724,Cootharaba,AU-QLD,,
AU-0222,heliport,Tabulam Oval Helipad,-28.8903,152.5678,,AU-NSW,,
AU-0223,small_airport,Jimbour Homestead airstrip,-26.959998,151.235851,Jimbour,AU-QLD,,
AU-0224,small_airport,Frogs Hollow Airfield,-36.760549,149.804163,Tathra,AU-NSW,YFGS,YFGS
AU-0225,small_airport,WILMINGTON RESIDENTIAL AIRPARK,-32.635309,138.107157,Wilmington,AU-SA,,
AU-0226,small_airport,Marulan (Tangryang) Airstrip,-34.734273,149.958315,Marulan,AU-NSW,,
AU-0227,small_airport,Pipers Airfield,-33.377547,149.519634,,AU-NSW,,
AU-0228,small_airport,2nd Crookwell Airfield,-34.493893,149.462128,Crookwell,AU-NSW,,
AU-0229,small_airport,Limekilns airfield,-33.267613,149.725885,Limekilns,AU-NSW,,
AU-0230,small_airport,bungebah airfield,-31.979077,149.794765,,AU-NSW,,
AU-0231,small_airport,Narrandool Bush Strip,-29.252257,147.880182,Narrandool,AU-NSW,,
AU-0232,small_airport,WeeWaa 2nd Airstrip,-30.252173,149.451141,WeeWaa,AU-NSW,,
AU-0233,small_airport,Croppa Creek airstrip,-29.114263,150.408883,Croppa Creek,AU-NSW,,
AU-0234,small_airport,Texas Airstrip,-28.834683,151.15208,Texas,AU-QLD,,
AU-0235,small_airport,Ellinthorp Airstrip,-28.054948,151.931144,Ellinthorp,AU-QLD,,
AU-0236,small_airport,private airstrip agnes waters,-24.274705,151.778913,private airstrip agnes waters,AU-QLD,,
AU-0237,small_airport,private airfield agnes waters,-24.238316,151.862394,agnes waters,AU-QLD,,
AU-0238,small_airport,private runway agnes waters,-24.29885,151.785468,agnes waters,AU-QLD,,
AU-0239,small_airport,Samuel Hill Airfield ( Danger Zone RAAF Shoal water bay),-22.740486,150.654016,Shoal Water bay,AU-QLD,,YSMH
AU-0240,small_airport,The Plains Airfield Shoal water bay RAAF,-22.76162,150.346527,Shoal Waterbay RAAF,AU-QLD,,
AU-0241,small_airport,Saint Lawrence,-22.375139,149.459767,Saint Lawrence,AU-QLD,,
AU-0242,small_airport,Oaky Creek Airfield,-23.242273,148.355534,Oaky Creek,AU-QLD,,
AU-0243,small_airport,Midge Point,-20.625354,148.677163,Midge Point,AU-QLD,,
AU-0244,small_airport,temple island airstrip,-21.601298,149.491868,temple island,AU-QLD,,
AU-0245,small_airport,Nobbys Creek private Strip,-28.29586,153.326306,Nobbys Creek,AU-NSW,,
AU-0246,heliport,Cooroy School Oval HLS,-26.424647,152.909045,Cooroy,AU-QLD,,
AU-0247,heliport,Clarence Valley Correctional Centre Heliport,-29.740569,153.064098,Lavadia,AU-NSW,,
AU-0248,heliport,Quirindi Fire Station/Emergency Services Heliport,-31.501946,150.673563,Quirindi,AU-NSW,,
AU-0249,heliport,Belyuen Oval Helicopter Landing Site,-12.536592,130.699786,Delissaville,AU-NT,,
AU-0250,heliport,Yeoval Oval Helicopter Landing Site,-32.750616,148.646634,Yeoval,AU-NSW,,
AU-0251,heliport,Cataract Dam Heliport,-34.255438,150.806252,Cataract,AU-NSW,,
AU-0252,small_airport,airlie private strip,-33.594282,149.544997,airlie,AU-NSW,,
AU-0253,small_airport,Hazelton Private Airstrip,-27.047737,153.05131,Ningi,AU-QLD,,
AU-0254,small_airport,Tabragalba Homestead private strip,-28.011066,153.06839,Tabragalba,AU-QLD,,
AU-0255,small_airport,Gulgong Aero Park Airport,-32.298696,149.559567,Gulgong,AU-NSW,,YGGG
AU-0256,small_airport,Wyaldra Airstrip,-32.295939,149.551542,Wyaldra,AU-NSW,,
AU-0257,small_airport,Ravenswood Gold mine,-20.101841,146.908643,Ravenswood,AU-QLD,,
AU-0258,small_airport,Uralla Private strip?,-30.671176,151.488333,Uralla,AU-NSW,,
AU-0259,small_airport,Lockhart Airstrip,-35.205339,146.728742,Lockhart,AU-NSW,,
AU-0260,small_airport,Berrigan Airstrip,-35.684209,145.814753,Berrigan,AU-NSW,,
AU-0261,small_airport,Yarraden station airstrip,-14.303383,143.310943,Yarraden,AU-QLD,,
AU-0262,small_airport,Coen airstrip,-13.956517,143.182068,Coen,AU-QLD,,
AU-0263,small_airport,Mapoon Airstrip,-12.049793,141.906173,Mapoon,AU-QLD,,
AU-0264,small_airport,Skardon River Airport,-11.866259,142.008762,Mapoon,AU-QLD,YSKR,YSKR
AU-0265,small_airport,Cullulleraine airstrip private,-34.190506,141.615314,Cullulleraine,AU-VIC,,
AU-0266,small_airport,Neds Corner Airport,-34.146405,141.334734,Neds Corner,AU-VIC,,
AU-0267,small_airport,Hindmarsh Island private strip,-35.50416,138.850708,Hindmarsh Island,AU-SA,,
AU-0268,small_airport,Hindmarsh International Airport,-35.528965,138.864355,Hindmarsh,AU-SA,,
AU-0269,small_airport,Bramwell Tourist Park airstrip,-12.139613,142.614233,Bramwell Tourist Park,AU-QLD,,YBWL
AU-0270,small_airport,WENLOCK AIRSTRIP,-12.187355,142.517052,wenlock,AU-QLD,,
AU-0271,small_airport,Arrabury Homestead,-26.758793,141.027031,Arrabury Homestead,AU-QLD,,
AU-0272,small_airport,Planet Downs OS,-25.872662,141.116788,Planet downs OS,AU-QLD,,
AU-0273,small_airport,Glen Aplin private strip,-28.730358,151.858134,Glen Aplin,AU-QLD,,
AU-0274,small_airport,Landsborough Airport,-26.823056,152.977538,Landsborough,AU-QLD,,
AU-0275,small_airport,Glenroy private strip,-23.067769,149.718375,Glenroy,AU-QLD,,
AU-0276,small_airport,cape cloucester airstrip    300m length,-20.091947,148.443564,Cape Cloucester,AU-QLD,,
AU-0277,small_airport,Burraga Airstrip no.1,-33.950427,149.564631,Burraga,AU-NSW,,
AU-0278,small_airport,Burraga Airstrip no.2,-33.939693,149.495258,Burraga,AU-NSW,,
AU-0279,small_airport,Mataranka township airport,-14.924093,133.061728,Mataranka,AU-NT,,
AU-0280,small_airport,Emungalan airstrip,-14.432186,132.237228,Emungalan,AU-NT,,
AU-0281,small_airport,Katherine North Airstrip,-14.446135,132.273046,Katherine North,AU-NT,,
AU-0282,small_airport,Manbulloo Airstrip,-14.560116,132.230136,Manbulloo,AU-NT,,
AU-0283,small_airport,Venn airstrip,-14.576315,132.505546,Venn,AU-NT,,
AU-0284,small_airport,Elsey private airstrip,-14.912628,133.119364,Elsey,AU-NT,,
AU-0285,small_airport,Elsey private airstrip no. 2,-14.985664,133.085225,Elsey,AU-NT,,
AU-0286,small_airport,Wuyagiba Airport,-14.616433,135.489707,Wuyagiba,AU-NT,,
AU-0287,small_airport,Mumpumampu Airport,-14.385633,135.332251,Mumpumampu,AU-NT,,
AU-0288,small_airport,Ngilipitji  Airport,-13.489209,135.543222,Ngilipitji,AU-NT,,
AU-0289,small_airport,Dhuruputjpl Airport,-13.054234,136.170551,Dhuruputjpl,AU-NT,,
AU-0290,small_airport,Gunyangara Airstrip,-12.223002,136.705412,Gunyangara,AU-NT,,
AU-0291,small_airport,Buymarr Airport,-12.689905,136.63202,Buymarr,AU-NT,,
AU-0292,small_airport,Yinyikay airport,-12.212477,136.234987,Yinyikay,AU-NT,,
AU-0293,small_airport,Rorruwuy airport,-12.192806,136.293562,Rorruwuy,AU-NT,,
AU-0294,small_airport,Matamata airport,-12.077239,136.270361,Matamata,AU-NT,,
AU-0295,small_airport,Barrkira Airport,-12.008604,136.469199,Barrkira,AU-NT,,
AU-0296,small_airport,Dallachy(Cardwell) Aerodrome,-18.178578,145.950061,Dallachy(Cardwell),AU-QLD,,
AU-0297,small_airport,Koah Airport,-16.82674,145.520912,Koah,AU-QLD,,
AU-0298,small_airport,Ace Aerodrome Starke Field,-19.585231,146.779948,Woodstock,AU-QLD,,
AU-0299,small_airport,Home Hill Aerodrome,-19.726176,147.350591,Osborne 4806,AU-QLD,,
AU-0300,small_airport,Johnnycake Homestead,-20.259135,147.32446,Bogie,AU-QLD,,
AU-0301,small_airport,Mount Coolon Homestead Airfield,-21.092297,146.865913,Mount Coolon,AU-QLD,,
AU-0302,small_airport,Newlands Coalmine Airport,-21.172446,147.908808,Newlands 4804,AU-QLD,,
AU-0303,small_airport,Newlands Coalmine Airport no.2,-21.338405,147.901663,Newlands 4804,AU-QLD,,
AU-0304,small_airport,Coppabella Airport,-21.896128,148.370861,Coppabella,AU-QLD,,
AU-0305,small_airport,Tierawoomba Homestead Airport,-21.855211,149.032541,Oxford 4742,AU-QLD,,
AU-0306,small_airport,Woorabinda Airport,-24.115419,149.476214,Woorabinda,AU-QLD,,
AU-0307,small_airport,Murgon Airport,-26.25309,151.930258,Murgon,AU-QLD,,YMRG
AU-0308,small_airport,Mudhamul Airport,-12.160464,136.174445,Mudhamul,AU-NT,,
AU-0309,small_airport,Henty Airport,-35.50682,146.997025,Henty,AU-NSW,,
AU-0310,small_airport,HentyField Days Site Airport,-35.507083,147.109547,Henty,AU-NSW,,
AU-0311,small_airport,Wallaroo Private Airstrip,-35.169086,148.96244,Wallaroo,AU-NSW,,
AU-0312,small_airport,Southern tablelands gliding club,-34.688468,149.892557,Goulburn,AU-NSW,,
AU-0313,small_airport,Worral Creek private strip,-28.616219,149.255705,Worral Creek,AU-QLD,,
AU-0314,small_airport,Boomi airport,-28.588784,149.578506,Boomi,AU-NSW,,
AU-0315,small_airport,North Talwood Airfield,-28.494205,149.45643,North Talwood,AU-NSW,,
AU-0316,small_airport,Parkes private strip,-32.984213,148.245259,Parkes,AU-NSW,,
AU-0317,small_airport,Grange View homestead airfield,-32.439399,148.884431,Maryvale,AU-NSW,,
AU-0318,small_airport,Gunnedah Airfield   SES Only,-31.04354,150.284623,Gunnedah,AU-NSW,,
AU-0319,small_airport,Attunga Private airstrp,-30.92789,150.801727,Attunga,AU-NSW,,
AU-0320,small_airport,Manilla Paragliding,-30.678202,150.649547,Manilla,AU-NSW,,
AU-0321,small_airport,Bluewater park Airstrip,-19.187341,146.49475,Bluewater park Airstrip,AU-QLD,,YBLP
AU-0322,small_airport,Wooloomanata Airfield,-37.936064,144.370733,Wooloomanata,AU-VIC,,
AU-0323,small_airport,Bridport 2nd Airstrip,-41.029533,147.416556,Bridport,AU-TAS,,
AU-0324,small_airport,Lost Farm Golf Course (Barnbougle),-40.998702,147.487306,Bridport,AU-TAS,,
AU-0325,small_airport,Musselroe Bay Private Airstrip,-40.863537,148.147863,Musselroe Bay,AU-TAS,,
AU-0326,small_airport,North Campbell Town Airfield,-41.895912,147.477898,Campbell Town,AU-TAS,,
AU-0327,small_airport,Pooncarie Airstrip,-33.377947,142.134113,Pooncarie,AU-NSW,,
AU-0328,small_airport,Hillside Station Airfield,-21.727351,119.393671,Hillside Station,AU-WA,,
AU-0329,small_airport,Woodstock Airport (Marble Bar),-21.62561,118.963556,Marble Bar,AU-WA,,
AU-0330,small_airport,Goshen Station Airport,-18.13792,145.42831,Kirrama,AU-QLD,,
AU-0331,small_airport,Stirling North/Flinders Field Airport,-32.529886,137.85269,Stirling North,AU-SA,,YFFD
AU-0332,small_airport,Concongella private airfield,-37.051503,142.853812,Concongella,AU-VIC,,
AU-0333,small_airport,Ling Lake Airfield,-37.477018,145.266425,Ling Lake,AU-VIC,,
AU-0334,small_airport,Sunbury East Airport,-37.529859,144.749147,Sunbury,AU-VIC,,
AU-0336,small_airport,Stony Creek (Buffalo) Airfield,-38.605335,146.054201,Stony Creek,AU-VIC,,
AU-0337,small_airport,Gleneagles Park Station,-38.288697,147.140211,Gleneagles Park Station,AU-VIC,,
AU-0338,small_airport,Lake Glen Maggie Airfield (Coongulla),-37.892352,146.772495,Lake Glen Maggie (Coongulla),AU-VIC,,
AU-0339,small_airport,Hebel airstrip,-28.980138,147.814764,Hebel,AU-QLD,,
AU-0340,small_airport,Singleton Military Area airstrip,-32.619272,151.180841,Singleton,AU-NSW,,
AU-0341,small_airport,Violet Town Airfield,-36.598167,145.723205,Violet Town,AU-VIC,,
AU-0342,small_airport,Burren Junction Airstrip,-30.033896,149.019432,Burren Junction,AU-VIC,,
AU-0343,small_airport,Coleambally Airport No.2,-34.910226,145.892907,Coleambally,AU-NSW,,
AU-0344,small_airport,Caroline Airstrip,-37.965645,140.891922,Caroline,AU-SA,,
AU-0345,small_airport,Hamilton Downs Airstrip,-23.507335,133.260577,Burt Plain,AU-NT,,
AU-0346,small_airport,Emu Gully (Toowoomba) Airfield,-27.555906,152.08706,Emu Gully (Toowoomba),AU-QLD,,
AU-0347,small_airport,Crowley Vale private airfield,-27.54855,152.39217,Crowley Vale,AU-QLD,,
AU-0348,small_airport,Mccarons private strip,-27.097131,152.603496,Crossdale,AU-QLD,,
AU-0349,small_airport,Cooeeimbardi airstrip Private?,-27.094334,152.521948,Cooeeimbardi,AU-QLD,,
AU-0350,small_airport,Bully Yard private Airfield,-24.954748,152.086303,Bully Yard,AU-QLD,,
AU-0351,small_airport,Old Station Airfield,-23.817425,150.818134,Raglan,AU-QLD,,YOSN
AU-0352,small_airport,Quail Island Airstrip,-22.13068,149.997285,Stanage,AU-QLD,,
AU-0353,small_airport,Long Island Airstrip,-22.149783,149.918143,Stanage,AU-QLD,,
AU-0354,small_airport,Wild Duck Island Airstrip,-22.005583,149.853574,Wild Duck Island,AU-QLD,,
AU-0355,small_airport,Paluma Airstrip,-19.124013,145.83536,Paluma,AU-QLD,,
AU-0356,small_airport,Dutton River Homestead airstrip,-20.379045,143.954302,Dutton River Homestead,AU-QLD,,
AU-0357,small_airport,Yerranderie Airfield,-34.118399,150.218555,Yerranderie,AU-NSW,,
AU-0358,small_airport,Marthaguy airstrip private,-31.032911,147.889562,Marthaguy,AU-NSW,,
AU-0359,small_airport,Jaspers Brush Airfield,-34.815926,150.66173,Nowra,AU-NSW,,
AU-0360,small_airport,Cambewarra Airstrip,-34.830881,150.578555,Cambewarra,AU-NSW,,
AU-0361,small_airport,Cameron Corner airstrip,-28.281821,141.26431,Cameron Corner,AU-QLD,,
AU-0362,small_airport,Polpah White Cliffs Airstrip,-30.846128,143.231077,White Cliffs,AU-NSW,,
AU-0363,small_airport,Salt lake Airstrip,-30.191125,144.43202,,AU-NSW,,
AU-0364,small_airport,Keelameara Airport,-30.676785,144.299498,Tilpa,AU-NSW,,
AU-0365,small_airport,Myall Airstrip,-30.708378,144.038143,,AU-NSW,,
AU-0366,small_airport,Conlea,-30.073625,144.569907,,AU-NSW,,
AU-0367,small_airport,Unknown airstrip,-30.135552,144.900709,,AU-NSW,,
AU-0368,small_airport,Cameron Corner bush strip,-28.152303,141.132753,Cameron Corner,AU-QLD,,
AU-0369,small_airport,Ningaling homestead,-28.96129,144.637671,Ningaling homestead,AU-NSW,,
AU-0370,small_airport,Wombah Homestead Airfield,-28.918702,144.766417,Wombah Homestead,AU-QLD,,
AU-0371,small_airport,Byra Airefield,-28.976008,147.209544,Byra,AU-QLD,,
AU-0372,small_airport,Cooplacurripa,-31.613134,151.908742,Cooplacurripa,AU-NSW,,
AU-0373,small_airport,Wilcannia airstrip,-31.40575,143.188323,Wilcannia,AU-NSW,,
AU-0374,small_airport,Taylors Private Airfield,-28.52662,114.633045,Howatharra,AU-WA,,
AU-0375,small_airport,Menindee airfield,-32.726028,142.108141,Menindee,AU-NSW,,
AU-0376,small_airport,Yarramba Station Airfield,-31.66388,140.622222,Curnamona,AU-SA,,
AU-0377,small_airport,Wiawera Station Airstrip,-32.292044,140.407221,Wiawera,AU-SA,,
AU-0378,small_airport,Whurlie Station Airport,-33.023682,142.347431,Pooncarie,AU-NSW,,
AU-0379,small_airport,Karoola Airport,-32.944155,142.392727,Menindee,AU-NSW,,
AU-0380,small_airport,Menindee Number 2 Airport,-32.847423,142.476044,Menindee,AU-NSW,,
AU-0381,small_airport,Bindara Airstrip,-32.736805,142.355986,Menindee,AU-NSW,,
AU-0382,small_airport,four mile lake airstrip,-32.087571,142.894764,Menindee,AU-NSW,,
AU-0383,small_airport,Urana Aerodrome,-35.341242,146.285218,Urana,AU-NSW,,
AU-0384,small_airport,Pine Valley Airstrip,-33.316328,140.194881,Pine Valley Station,AU-SA,,
AU-0385,small_airport,Bono Station Airport,-32.565419,142.402085,Menindee,AU-NSW,,
AU-0387,small_airport,Murtee Station,-31.576524,143.496093,Wilcannia,AU-NSW,,
AU-0388,small_airport,Barraroo Airstrip,-32.117535,142.982026,Barraroo,AU-NSW,,
AU-0389,small_airport,Menindee Number 3 Airport,-32.624012,142.44113,Menindee,AU-NSW,,
AU-0390,small_airport,Menindee airfield no 4,-32.467468,142.908508,Menindee,AU-NSW,,
AU-0391,small_airport,St James Private airfield,-36.295969,145.932827,St James,AU-VIC,,
AU-0392,small_airport,Smeaton airfield private,-37.258037,143.968121,Smeaton,AU-VIC,,
AU-0393,small_airport,Murray-Sunset Airport,-34.766728,141.941351,Murray-Sunset,AU-VIC,,
AU-0394,small_airport,Trentham Cliffs airstrip,-34.234051,142.267845,Trentham Cliffs,AU-NSW,,
AU-0395,small_airport,Oura Private Airstrip,-35.06493,147.68763,Oura,AU-NSW,,
AU-0396,small_airport,Newry Airfield,-37.857752,146.917496,Newry,AU-VIC,,
AU-0397,small_airport,Clydebank private Airstrip,-38.037818,147.1902,Clydebank,AU-VIC,,
AU-0398,small_airport,Kudardup Airfield,-34.270484,115.193991,Kudardup,AU-WA,,
AU-0399,small_airport,Ellendale Chalets Accomodation airfield,-33.595227,115.571649,Capel,AU-WA,,
AU-0400,small_airport,Wyloo Station airfield,-22.700346,116.237942,Nanutarra,AU-WA,,
AU-0401,small_airport,West Lyons River Airstrip,-24.032816,115.695533,West Lyons River,AU-WA,,
AU-0402,small_airport,Lyndon homestead airfield,-23.150977,114.549281,Lyndon homestead,AU-WA,,
AU-0403,small_airport,Byro Station arstrip,-26.070668,116.152606,Byro Station,AU-WA,,
AU-0404,small_airport,Wahring Field,-36.68112,145.242379,Wahring,AU-VIC,,YWHG
AU-0405,small_airport,Raywood Airfield,-36.537181,144.241183,Raywood,AU-VIC,,YRYW
AU-0406,small_airport,Victoria Valley Airbase,-37.183139,142.340821,Victoria Valley Grampians,AU-VIC,,
AU-0407,small_airport,Gingkin Airfield,-33.894607,149.93848,Gingkin,AU-NSW,,
AU-0408,small_airport,Tibooburra Homestead airstrip,-29.487704,142.070284,Tibooburra,AU-NSW,,
AU-0409,small_airport,Ballycastle homestead airstrip,-30.186026,145.058815,Ballycastle homestead,AU-NSW,,
AU-0410,small_airport,Euabalong private airstrip,-33.073669,146.576225,Euabalong,AU-NSW,,
AU-0411,small_airport,Bowral Private Airfield,-34.511353,150.423915,Bowral,AU-NSW,,
AU-0412,small_airport,St Mary's / Kennetts Airfield,-33.831866,150.745829,Luddenham,AU-NSW,,
AU-0413,small_airport,Fraser Island (Gippsland reserve) airstrip,-37.886065,147.93401,Fraser Island,AU-VIC,,
AU-0414,small_airport,Kelly head airstrip,-37.896405,147.935501,Kelly Head,AU-VIC,,
AU-0415,small_airport,lake Modewarre Private airstrip,-38.260015,144.092763,Lake modeWarre,AU-VIC,,YMOD
AU-0416,small_airport,lake Modewarre Private airstrip no.2,-38.260736,144.099605,Lake ModeWarre,AU-VIC,,
AU-0417,small_airport,Bellbrae Private Airstrip,-38.32697,144.236209,BellBrae,AU-VIC,,
AU-0418,small_airport,Derrinallum (Poligolet Station) airstrip,-37.982298,143.147195,Derrinallum,AU-VIC,,
AU-0419,small_airport,Normanton homestead airstrip,-17.625184,141.185782,Normanton,AU-QLD,,
AU-0420,small_airport,Glendara Road Airstrip,-30.584612,143.347566,Wilcannia,AU-NSW,,
AU-0421,small_airport,Fenton Airfield (RAAF),-13.620818,131.33853,,AU-NT,,
AU-0422,small_airport,Adelaide River Airfield,-13.232564,131.137481,Adelaide River,AU-NT,,
AU-0423,small_airport,Coomalie Creek Airfield,-13.010375,131.13014,Coomalie Creek,AU-NT,,
AU-0424,small_airport,Lachlan E Purkis Memoral Airfield,-12.688895,131.089253,Livingstone,AU-NT,,
AU-0425,heliport,Murrurundi Hospital Heliport,-31.770477,150.834062,Murrurundi,AU-NSW,,
AU-0426,heliport,Childers Showground Helicopter Landing Site,-25.232,152.2752,Childers,AU-QLD,,
AU-0427,small_airport,The junction race club airport,-25.058134,115.120438,The junction,AU-WA,,
AU-0431,small_airport,Rutland Plains Station Airport,-15.64047,141.82741,Yagoonya,AU-QLD,,
AU-0432,small_airport,Nyonger Farm Airstrip,-32.345045,119.187099,Nyonger Farm,AU-WA,,
AU-0433,small_airport,Loxton private strip,-34.467111,140.505143,Loxton,AU-SA,,
AU-0434,small_airport,Lochiel Airfield,-33.886604,138.103747,Lochiel Airfield,AU-SA,,
AU-0435,small_airport,Cherry Gardens Airstrip,-35.091503,138.661172,Clarendon,AU-SA,,
AU-0436,small_airport,Aldinga private airstrip,-35.29393,138.477345,Aldinga,AU-SA,,
AU-0437,small_airport,Three Rivers Airstrip,-25.126975,119.151205,Three Rivers,AU-WA,,
AU-0438,small_airport,Prairie Downs Airstrip,-23.548547,119.157314,Prairie Downs,AU-WA,,
AU-0439,small_airport,Capricorn Village Airstrip,-23.455491,119.802557,Newman (Capricorn Village),AU-WA,,
AU-0440,heliport,Narrabri Mine Heliport.,-30.521049,149.900336,Narrabri,AU-NSW,,
AU-0441,heliport,Maules Creek Mine Heliport,-30.562945,150.120417,Boggabri,AU-NSW,,
AU-0442,heliport,New Maitland Hospital Helipad,-32.759612,151.604328,Maitland,AU-NSW,,
AU-0443,heliport,Clarence Wilderness Lodge HLS,-28.690818,152.375479,Via Tabulum,AU-NSW,,
AU-0444,heliport,Dingo Hospital Helicopter Landing Site,-23.655099,149.334326,Dingo,AU-QLD,,
AU-0445,heliport,Evans Head RAAF Bombing Range HLS,-29.196677,153.383796,Evans Head,AU-NSW,,
AU-0446,heliport,Gibraltar House HLS,-29.519434,152.311133,Gibraltar,AU-NSW,,
AU-0447,heliport,Gerroa Sand Mine HLS,-34.776253,150.788512,Gerroa,AU-NSW,,
AU-0448,heliport,Guthega Helicopter Landing Site,-36.377333,148.375833,Guthega,AU-NSW,,
AU-0449,heliport,Garrawarra Farm Carpark HLS,-34.180333,151.038333,Lillydale,AU-NSW,,
AU-0450,small_airport,Passage Island Airport,-40.499949,148.338314,Passage Island,AU-TAS,,YPSI
AU-0451,small_airport,Badger Island Airport,-40.318729,147.88957,Badger Island,AU-TAS,,YBDI
AU-0452,small_airport,Mount Chappell Island Airfield,-40.267743,147.929143,Mount Chappell Island,AU-TAS,,
AU-0453,small_airport,Inner Sister Island Aerodrome,-39.695184,147.914182,Inner Sister Island,AU-TAS,,
AU-0455,small_airport,Laglan airstrip,-22.044223,146.282462,Laglan,AU-QLD,,
AU-0456,small_airport,Gruyere Airport,-28.034548,123.81506,Cosmo Newbery,AU-WA,YGRM,YGRM
AU-0458,small_airport,Tilmouth Airstrip,-22.812222,132.606667,Anmatjere,AU-NT,,
AU-0459,small_airport,Newry (RFDS) Airstrip,-16.059021,129.205946,Baines,AU-NT,,
AU-0460,small_airport,Rosewood Airport,-16.450695,129.007335,Baines,AU-NT,,
AU-0461,small_airport,Rundalua Station Airstrip,-27.060146,146.715219,Boatman,AU-QLD,,
AU-0462,heliport,Batlow Showground Helicopter Landing Site,-35.520002,148.153639,Batlow,AU-NSW,,
AU-0463,small_airport,Tirlta Station Airstrip,-31.251643,142.094821,Mutawintji,AU-NSW,,
AU-0464,small_airport,Mutawintji Historic Site airstrip,-31.244912,142.282516,Mutawintji Historic Site,AU-NSW,,
AU-0465,small_airport,Grassmere Airfield,-31.419155,142.625027,Mutawintji,AU-NSW,,
AU-0466,heliport,Yamba Oval Helicopter Landing Site,-29.438747,153.358337,Yamba,AU-NSW,,
AU-0467,heliport,Emu Creek Extreme Retreat HLS,-28.826667,152.481,Pretty Gully - via Tabulum,AU-NSW,,
AU-0468,heliport,Iluka Sports Oval HLS,-29.406833,153.352833,Iluka,AU-NSW,,
AU-0469,heliport,Kin Kin Oval Helicopter Landing Site,-26.26264,152.876215,Kin Kin,AU-QLD,,
AU-0470,heliport,Mallanganee Oval Helicopter Landing Site,-28.90769,152.720668,Mallanganee,AU-NSW,,
AU-0471,heliport,Nimbin Soccer Grounds HLS,-28.597465,153.225675,Nimbin,AU-NSW,,
AU-0472,heliport,Halfway House HLS,-32.907167,150.7475,,AU-NSW,,
AU-0473,heliport,Jimna Cricket Oval HLS,-26.662833,152.462167,Jimna,AU-QLD,,
AU-0474,heliport,Keppel Sands Helicopter Landing Site,-23.323518,150.790111,Keppel Sands,AU-QLD,,
AU-0475,heliport,Kingfisher Resort Heliport,-25.390385,153.028994,Fraser Island,AU-QLD,,
AU-0476,heliport,Kooringal Emergency Centre HLS,-27.34917,153.422619,Kooringal,AU-QLD,,
AU-0477,heliport,Karragarra Island Helicopter Landing Site,-27.63619,153.369795,Karragarra Island,AU-QLD,,
AU-0479,small_airport,Cameron Corner Airstrip,-29.003252,140.994265,Bollards Lagoon,AU-QLD,,
AU-0480,small_airport,Lake Wells Station Airport,-27.28818,123.00507,Lake Wells,AU-WA,,
AU-0487,small_airport,Tangorin Airport,-21.056488,144.2012,Tangorin,AU-QLD,,
AU-0488,small_airport,Tongo Woolshed Airport,-30.39828,143.7178,Wilcannia,AU-NSW,,
AU-0489,small_airport,Momba Airport,-30.97887,143.50108,Wilcannia,AU-NSW,,
AU-0490,small_airport,Packsaddle Airport,-30.29424,142.13758,Packsaddle,AU-NSW,YPAS,YPAS
AU-0491,small_airport,Pimpara Lake Station Airport,-30.42618,141.72401,Packsaddle,AU-NSW,,
AU-0492,small_airport,Nundooka Station Airport,-30.88683,141.70055,Broughams Gate,AU-NSW,,
AU-0493,small_airport,Broughams Gate Airport,-30.91832,141.26877,Broughams Gate,AU-NSW,,
AU-0494,small_airport,Rough Gap Airport,-30.3872,122.52162,Cundeelee,AU-WA,,
AU-0495,small_airport,Bulong Airport,-30.75525,121.75232,Bulong,AU-WA,,
AU-0497,small_airport,Albeni Station Airport,-24.575544,147.080176,Mantuan Downs,AU-QLD,,
AU-0498,small_airport,Mark Posa Memorial Airfield,-11.55145,130.58485,Milikapiti,AU-NT,,
AU-0499,small_airport,Sandford Airstrip,-12.6075,131.05378,Weddell,AU-NT,,
AU-0503,small_airport,Elizabeth Downs Airport,-13.7439,130.50485,Tipperary,AU-NT,,YELZ
AU-0504,small_airport,Duketon Gold Airport,-27.60237,122.33567,Bandya,AU-WA,,YDKG
AU-0505,small_airport,Second Fortune Gold Mine Airport,-29.37316,122.44932,Kookynie,AU-WA,,
AU-0506,heliport,Macquarie University Hospital HLS,-33.766167,151.116,Macquarie Park,AU-NSW,,YXUH
AU-0507,small_airport,Blaxland Range Airstrip,-27.26044,123.30387,Lake Wells,AU-WA,,
AU-0508,small_airport,Burleigh North Airstrip,-20.053568,143.163155,Burleigh,AU-QLD,,
AU-0509,small_airport,Burleigh Homestead Airstrip,-20.262897,143.11883,Burleigh,AU-QLD,,
AU-0510,small_airport,Bunyarra Airstrip,-30.90357,146.835571,Coolabah,AU-NSW,,
AU-0511,small_airport,Bulloo Downs Airport,-28.52072,142.959913,Bulloo Downs,AU-QLD,,YBUO
AU-0512,heliport,Thursday Island Hospital Heliport,-10.58862,142.20969,Thursday Island,AU-QLD,,
AU-0513,small_airport,OK Village Airport,-10.95567,142.70392,Bogie,AU-QLD,,
AU-0514,small_airport,Beagle Bay Airport,-12.904048,141.69836,Mission River,AU-QLD,,
AU-0515,small_airport,Mount Mulgrave Airport,-16.37614,143.99083,Mount Mulgrave,AU-QLD,,
AU-0516,small_airport,Bellevue Airport,-16.51297,144.18378,Bellevue,AU-QLD,,
AU-0517,heliport,King Vol Mine Heliport,-16.936,144.2552,Rookwood,AU-QLD,,
AU-0518,small_airport,King Vol Mine Airport,-16.89539,144.21956,Rookwood,AU-QLD,,
AU-0519,small_airport,Carson River Airport,-14.48847,126.76303,Drysdale River,AU-WA,,
AU-0520,small_airport,Kimbolton Airport,-16.69839,123.83324,Kimbolton,AU-WA,,
AU-0521,small_airport,Robinson River Airport,-16.76368,123.98652,Kimbolton,AU-WA,,
AU-0522,small_airport,Roebuck Plains Roadhouse Airport,-17.84541,122.50283,Roebuck,AU-WA,,
AU-0524,small_airport,Koarlo Airport,-28.62979,150.540193,Koarlo,AU-QLD,,YKOA
AU-0525,heliport,Dolphin Platform Helipad,-38.487222,147.3775,,AU-VIC,,YUPA
AU-0526,heliport,Blayney MPS Alternate HLS,-33.536154,149.249184,Blayney,AU-QLD,,
AU-0527,heliport,Canobolas Training Area HLS,-33.386667,148.988833,Orange,AU-NSW,,
AU-0528,heliport,Cataract Scout Park Heliport,-34.241539,150.821538,Appin,AU-NSW,,
AU-0529,heliport,Chinaman's Pad Royal National Park HLS,-34.103368,151.057253,Sydney,AU-NSW,,
AU-0530,heliport,Coomba Park Helicopter Landing Site,-32.24113,152.47085,Coomba Park,AU-NSW,,
AU-0532,heliport,Eastern Creek Raceway HLS,-33.804126,150.867462,Sydney,AU-NSW,,
AU-0533,heliport,Eugowra Sports Oval Helicopter Landing Site.,-33.429459,148.369912,Eugowra,AU-NSW,,
AU-0534,heliport,Goulburn Police Academy Heliport,-34.736433,149.728401,Goulburn,AU-NSW,,
AU-0535,small_airport,Dr Fox Airstrip,-33.425819,151.035901,Gunderman,AU-NSW,,
AU-0536,heliport,Muskoka Helicopter Landing Site,-33.448833,151.073167,Gunderman,AU-NSW,,
AU-0537,heliport,McLean Oval Helicopter Landing Site,-34.556037,148.368001,Harden,AU-NSW,,
AU-0538,small_airport,Tinbeerwah Airstrip (private),-26.411335,152.962976,Cooroy,AU-QLD,,
AU-0539,large_airport,Western Sydney International (Nancy-Bird Walton) Airport,-33.883461,150.712981,Sydney,AU-WA,YSWS,YSWS
AU-0543,small_airport,norley airstrip,-27.789962,143.868542,Thargomindah,AU-QLD,,
AU-0544,small_airport,Private airstrip,-27.773226,143.951602,Thargomindah,AU-QLD,,
AU-0545,small_airport,Taroom airstrip,-25.630244,149.776107,Taroom,AU-QLD,,
AU-0546,small_airport,Taroom airstrip #2 private,-25.633863,149.76759,Taroom,AU-QLD,,
AU-0547,small_airport,Eidsvold airpstrip,-25.361002,151.108969,Eidsvold,AU-QLD,,
AU-0549,small_airport,May Downs Station,-20.588087,139.338896,May Downs,AU-QLD,,
AU-0550,small_airport,Lark Quarry Airport,-23.029485,142.432563,Lark Quarry,AU-QLD,,
AU-0551,small_airport,Yaraka Airport,-24.892806,144.061637,Yaraka,AU-QLD,,
AU-0552,small_airport,Caranna Station Airstrip,-25.399525,145.34815,Caranna Station,AU-QLD,,
AU-0553,small_airport,Attica State Forest Airstrip,-25.244083,147.381276,Attica State Forest,AU-QLD,,
AU-0554,small_airport,Weona Station Airstrip,-23.062344,142.825694,Weona Station,AU-QLD,,
AU-0555,small_airport,Willows airstrip,-23.717272,147.380109,Willows QLD 4702,AU-QLD,,
AU-0556,small_airport,Drummondslope Airstrip,-24.124483,146.636271,Drummondslope QLD 4724,AU-QLD,,
AU-0557,small_airport,Farrars Creek station Airstrip,-25.144841,141.347886,Farrars Creek,AU-QLD,,
AU-0558,small_airport,Middleton Racecourse Airstrip,-22.37917,141.528624,Middleton,AU-QLD,,
AU-0559,small_airport,Wiralla Airstrip,-27.795594,144.258769,Wiralla,AU-QLD,,
AU-0560,small_airport,Thargo station airstrip,-27.86227,144.271528,Thargo station,AU-QLD,,
AU-0561,small_airport,Duchess airstrip,-21.335355,139.88162,Duchess,AU-QLD,,
AU-0562,small_airport,Brides Creek station airstrip,-25.028178,145.440745,Brides Creek,AU-QLD,,
AU-0563,small_airport,Yagoonya airstrip,-16.373305,141.493478,Yagoonya,AU-QLD,,
AU-0564,small_airport,Archer River Airstrip,-13.436333,142.928867,Archer River,AU-QLD,,YARC
AU-0565,small_airport,Moora Airport,-30.684896,115.982059,Moora,AU-WA,YMRO,YMRO
AU-0566,small_airport,Marble Bar  airstrip,-20.846279,120.06649,Marble Bar,AU-WA,,
AU-0567,small_airport,Fairholme airstrip,-33.290925,147.378384,Fairholme NSW 2871,AU-NSW,,
AU-0568,small_airport,Limmen Airstrip,-14.832597,135.196424,Limmen,AU-NT,,
AU-0569,small_airport,Manberry Station airstrip,-24.020713,114.145246,Manberry Station,AU-WA,,
AU-0570,small_airport,Middle Point Research Station Airstrip,-12.585853,131.308722,Middle Point NT 0822,AU-NT,,YCPX
AU-0571,small_airport,Lake MacKay Airstrip,-23.670782,129.976158,Lake MacKay,AU-NT,,
AU-0572,small_airport,Eringa airstrip,-26.692097,135.398844,Eringa,AU-SA,,
AU-0573,small_airport,Hawker gate House airstrip (Milparinka),-29.785349,141.022353,Milparinka,AU-NSW,,
AU-0574,small_airport,Wagga Wagga Station airstrip,-28.342064,116.93234,Yalgoo,AU-WA,,
AU-0575,small_airport,Plumridge Lakes airstrip,-29.278875,124.683366,Plumridge Lakes,AU-WA,,
AU-0576,small_airport,Port Wine Airstrip,-23.987061,147.072161,Port Wine,AU-QLD,,
AU-0577,small_airport,Brewarrina airstrip,-30.180618,146.982093,Brewarrina,AU-NSW,,
AU-0578,small_airport,YDNA,-42.763332,146.561349,Maydena,AU-TAS,,
AU-0579,small_airport,Honeymoon Airstrip,-13.629492,131.087496,Tipperary,AU-NT,,
AU-0582,small_airport,Hillsborough Airstrip,-20.013041,146.996963,Ravenswood,AU-QLD,,
AU-0583,small_airport,Harriedale Airfield,-32.803117,141.411426,Harriedale,AU-SA,,
AU-0584,small_airport,Sturt Plateau airstrip,-15.921878,132.388687,Sturt Plateau NT 0852,AU-NT,,
AU-0585,small_airport,Marralum Airport,-15.393839,129.257004,Marralum,AU-NT,,
AU-0586,small_airport,homestead,-23.317075,138.587637,Sturt QLD 4829,AU-NT,,
AU-0587,small_airport,Battle Mountain Airport,-25.202068,119.609098,Kumarina WA 6642,AU-WA,,
AU-0588,small_airport,Cubbie station airport,-28.700526,147.932281,Cubbie Station,AU-QLD,,
AU-0589,small_airport,Woolgar airstrip,-19.839059,143.354244,Woolgar QLD 4822,AU-QLD,,
AU-0590,small_airport,Bimbijy station airstrip,-29.696329,118.049941,Bimbijy WA 6472,AU-WA,,
AU-0591,small_airport,Coburn Station Airstrip,-26.698213,114.308131,Coburn,AU-WA,,
AU-0592,small_airport,Mimong Airstrip,-21.495082,141.95986,Mimong,AU-QLD,,
AU-0593,small_airport,bore 22 airstrip,-17.353076,131.424036,bore 22,AU-QLD,,
AU-0594,small_airport,Beeantha station airstrip,-20.307442,142.19965,Beeantha,AU-QLD,,
AU-0595,small_airport,Corella park Station Airstrip,-20.597035,140.244513,Corella park Station,AU-QLD,,
AU-0596,small_airport,Rollo Station Airstrip,-27.977462,146.694474,Rollo Station,AU-QLD,,
AU-0597,small_airport,Wilcannia airstrip,-30.605709,143.67538,Wilcannia NSW 2836,AU-NSW,,
AU-0598,small_airport,clifton downs station airstrip,-29.619746,142.561212,Tibooburra NSW 2880,AU-NSW,,
AU-0599,small_airport,the airstrip,-31.084253,150.489049,Piallaway NSW 2342,AU-NSW,,
AU-0600,small_airport,Branglebar station airstrip,-30.64297,147.081399,The Marra,AU-NSW,,
AU-0601,small_airport,Compressor station airfield,-21.444322,115.946918,Mardie,AU-WA,,
AU-0602,small_airport,Darling Downs Airspray Airstrip,-27.193938,151.11599,Dalby,AU-QLD,,
AU-0603,small_airport,Enngonia station,-29.069393,145.998774,Enngonia NSW 2839,AU-NSW,,
AU-0604,small_airport,Enngonia,-29.034728,146.280899,Enngonia NSW 2839,AU-NSW,,
AU-0605,small_airport,North Bourke airstrip,-29.621949,146.071258,North Bourke NSW 2840,AU-NSW,,
AU-0606,small_airport,Buckland station,-24.694517,147.501497,Buckland QLD 4722,AU-QLD,,
AU-0607,small_airport,Bourke no.2,-30.014772,145.82678,Bourke,AU-NSW,,
AU-0608,small_airport,Yantabulla Arstrip,-29.351469,145.005734,Yantabulla,AU-NSW,,
AU-0609,small_airport,Janina homestead,-29.984603,144.700027,Wanaaring,AU-NSW,,
AU-0610,small_airport,Rainbar Airstrip,-29.82646,144.640975,Wanaaring,AU-NSW,,
AU-0611,small_airport,Almaden (Spring Valley) Airstrip,-17.35028,144.633777,Almaden,AU-QLD,,
AU-0612,heliport,Kilkivan Helicopter Landing Site,-26.083,152.243,Kilkivan,AU-QLD,,
AU-0613,heliport,Manar 4WD/Motor Cross Park Heliport,-26.024424,151.383628,Proston,AU-QLD,,
AU-0614,small_airport,Boggabilla Airstrip (AIRCAIR),-28.617194,150.332049,Goondiwindi,AU-QLD,,
AU-0615,heliport,Boondooma Heliport,-26.104719,151.449319,Lake Boondooma,AU-QLD,,
AU-0616,small_airport,Painted Hills Aerodrome,-29.521635,135.85659,Anna Creek,AU-SA,,PHI
AU-0617,small_airport,Donnybrook Airstrip,-27.016237,153.064967,,AU-QLD,,
AU-0619,small_airport,Djinkar (Nangak) Airstrip,-12.197223,134.285867,,AU-NT,,
AU-0620,small_airport,Drysdale Airstrip,-38.198179,144.622001,,AU-VIC,,YDRS
AU-0621,small_airport,Glen Station Airstrip,-27.045117,117.647781,,AU-WA,,
AU-0622,small_airport,Driftn-in Airstrip,-26.946059,152.657883,,AU-QLD,,
AU-0623,small_airport,Napunyah Airport,-30.6123,144.22029,Tilpa,AU-NSW,,
AU-0624,small_airport,Bimpero Airport,-30.29369,144.11918,Wanaaring,AU-NSW,,
AU-0625,small_airport,Steinfeld Airfield,-34.312904,139.334915,Steinfeld,AU-SA,,
AU-0626,small_airport,Original Barnbougle Airstrip,-41.008095,147.421407,Bridport,AU-TAS,,
AU-0627,small_airport,Cranbourn Airfield,-41.161173,147.015096,Mount Direction,AU-TAS,YCRN,YCRN
AU-0628,small_airport,Eagles Nest (Scottsdale),-41.172064,147.508879,Scottsdale,AU-TAS,,
AU-0631,heliport,Bacchus Marsh and Melton Regional Hospital Heliport,-37.678335,144.434386,Bacchus Marsh,AU-VIC,,
AU-0635,small_airport,Gorrie Airfield (RAAF),-15.485858,133.179274,,AU-NT,,
AU-0637,small_airport,Corunna Downs Airport,-21.462116,119.853694,Corunna Downs,AU-WA,,
AU-0638,small_airport,Larrimah Airstrip,-15.552804,133.222961,Larrimah,AU-NT,,
AU-0639,small_airport,Dirk Hartog Island Airstrip,-26.007194,113.159072,Dirk Hartog Island,AU-WA,,YDHD
AU-0646,small_airport,Windrush International Airport,-43.155794,147.009065,Huon Valley,AU-TAS,,
AU-0647,heliport,Woodgate Helicopter Landing Site,-25.116596,152.570256,Woodgate Beach,AU-QLD,,
AU-0648,small_airport,Mount Moffatt Airstrip,-25.041314,147.937575,Carnarvon National Park,AU-QLD,,
AU-0649,small_airport,Albro Station Airstrip,-22.709174,146.566501,Laglan,AU-QLD,,
AU-0650,small_airport,Bunurong Field,-38.621701,145.668969,Inverloch,AU-VIC,,
AU-0651,heliport,Batemans Bay District Hospital Helipad,-35.7141,150.182194,Batemans Bay,AU-NSW,,
AU-0652,heliport,Wyong/Charmhaven Rural Fire Service Heliport,-33.235076,151.492862,Charmhaven,AU-NSW,,
AU-0653,heliport,Woodenbong Oval Helicopter Landing Site,-28.389907,152.606333,Woodenbong,AU-NSW,,
AU-0654,heliport,Woodburn SES Helicopter Landing Site,-29.074,153.338333,Woodburn,AU-NSW,,
AU-0655,heliport,Mataranka School Oval HLS,-14.921554,133.063971,Mataranka,AU-NT,,
AU-0656,heliport,Yarraman Helicopter Landing Site,-26.840037,151.976057,Yarraman,AU-QLD,,
AU-0657,heliport,Toowoomba Range Heliport,-27.556495,152.015026,Withcott,AU-QLD,,
AU-0658,small_airport,Shelamar Station Airport,-18.98598,121.7132,Eighty Mile Beach,AU-WA,,
AU-0659,small_airport,Nita Downs Airport,-19.08223,121.66411,Eighty Mile Beach,AU-WA,,
AU-0660,small_airport,Tadji Park Airstrip,-34.23073,150.65913,Wilton,AU-NSW,,
AU-0661,small_airport,Aberfoyle Airstrip,-34.12065,150.82966,Wedderburn,AU-NSW,,
AU-0662,small_airport,Tucker Creek Airstrip,-34.10193,150.87736,Holsworthy,AU-NSW,,
AU-0702,small_airport,Bulloo Downs Station Airport,-24.013905,119.555805,,AU-WA,,
AU-0703,small_airport,Navarra Airport,-24.854178,143.669538,Isisford,AU-QLD,,
AU-0704,heliport,Batemans Bay Helipad,-35.71301,150.1872,Batemans Bay,AU-NSW,,
AU-0705,heliport,Copmanhurst Oval Helipad,-29.5892,152.77316,Copmanhurst,AU-NSW,,
AU-0706,heliport,Drake Oval Helicopter Landing Site,-28.9257,152.3762,Drake,AU-NSW,,
AU-0707,heliport,Bulahdelah Helicopter Landing Site,-32.4,152.2,Bulahdelah,AU-NSW,,
AU-0708,small_airport,Manna Hill Airport,-32.427842,140.006164,Mannahill,AU-SA,,
AU-0709,heliport,Port Arthur Heliport,-43.10447,147.85934,Port Arthur,AU-TAS,,
AU-0710,small_airport,Stony Head Military Area Airstrip,-41.03384,146.99581,Stony Head,AU-TAS,,
AU-0711,small_airport,Tomahawk Airstrip,-40.88195,147.73075,Tomahawk,AU-TAS,,
AU-0712,small_airport,Lady Barron Grass Airstrip,-40.20237,148.23391,Lady Barron,AU-TAS,,
AU-0713,small_airport,Five Mile Jim Airstrip,-39.913857,147.953868,Wingaroo,AU-TAS,,
AU-0714,small_airport,Withers Hall Airstrip,-39.78193,147.93237,Palana,AU-TAS,,
AU-0715,small_airport,Sheiling Airstrip,-39.76634,147.90124,Palana,AU-TAS,,
AU-0716,small_airport,North East River Airstrip,-39.75216,147.92466,Palana,AU-TAS,,
AU-0717,small_airport,Deal Island Airfield,-39.47036,147.318,Palana,AU-TAS,,
AU-0718,small_airport,Madge's Island Airfield,-39.22456,146.98645,Palana,AU-TAS,,
AU-0719,heliport,South East Point Emergency Heliport,-39.12651,146.42367,Wilsons Promontory,AU-VIC,,
AU-0720,heliport,Telegraph Track Emergency Heliport,-39.09819,146.38207,Wilsons Promontory,AU-VIC,,
AU-0721,small_airport,Yanakie Airstrip,-38.80677,146.19307,Yanakie,AU-VIC,,
AU-0723,small_airport,Flying Circus Airfield,-37.47852,144.71962,Clarkefield,AU-VIC,,
AU-0724,small_airport,Legate Airfield,-37.48196,144.73372,Clarkefield,AU-VIC,,
AU-0725,small_airport,Marshall Airfield,-37.48231,144.73494,Clarkefield,AU-VIC,,
AU-0726,small_airport,Emu Creek Airfield,-37.47136,144.76829,Clarkefield,AU-VIC,,
AU-0727,small_airport,Valken Farm Airstrip,-37.39168,144.76043,Romsey,AU-VIC,,
AU-0728,small_airport,Rochford Airstrip,-37.3019,144.67078,Rochford,AU-VIC,,
AU-0729,small_airport,The Boreen Airstrip,-37.43535,144.824,Darraweit Guim,AU-VIC,,
AU-0730,small_airport,Blue Tongue Airfield,-37.43064,144.8096,Bolinda,AU-VIC,,
AU-0731,small_airport,Arkells Airfield,-37.36936,144.94017,Bylands,AU-VIC,,
AU-0732,heliport,Winton Motor Raceway Heliport,-36.52245,146.08882,Winton,AU-VIC,,
AU-0733,small_airport,Everton (Tarrawingee) Airport,-36.41171,146.49034,Tarrawingee,AU-VIC,,
AU-0734,small_airport,Bullawa Airstrip,-35.2511,147.24152,Uranquinty,AU-NSW,,
AU-0735,heliport,Wagga Wagga Base Hospital Heliport,-35.11899,147.35719,Wagga Wagga,AU-NSW,,
AU-0736,small_airport,Deltroit Station Airstrip,-35.16922,147.80606,Mundarlo,AU-NSW,,
AU-0737,small_airport,Bondo Airstrip,-35.24817,148.46717,Tumorrama,AU-NSW,,
AU-0739,heliport,Winters Helicopter Landing Paddock,-35.34682,149.50766,Bungendore,AU-NSW,,
AU-0740,small_airport,Rutland Plains Homestead Airport,-15.83381,142.01949,Maramie,AU-QLD,,
AU-0741,small_airport,Mungana Mine Airport,-17.12575,144.39358,Chillagoe,AU-QLD,,
AU-0742,small_airport,Mont Albion Station Airstrip,-17.39085,145.17807,Irvinebank,AU-QLD,,
AU-0743,small_airport,Bullabulling Airfield,-30.97532,121.08068,Bullabulling,AU-WA,,
AU-0744,small_airport,Anna Plains South Airstrip,-19.58073,121.32916,Eighty Mile Beach,AU-WA,,
AU-0745,small_airport,Rodds Bay Airstrip,-24.09255,151.63112,Rodds Bay,AU-QLD,,
AU-0748,small_airport,Oakden Hills Airport,-31.66598,137.0361,Oakden Hills,AU-SA,YOKH,YOKH
AU-0749,small_airport,Mahanewo Road Airstrip,-31.66526,137.05512,Oakden Hills,AU-SA,,
AU-0750,small_airport,Collins Island Airfield,-22.23913,150.30179,Stanage,AU-QLD,,
AU-0751,small_airport,Beermullah Airstrip,-31.26789,115.83878,Boonanarring,AU-WA,,
AU-0752,small_airport,Waddi Bush Camp Airstrip,-30.52886,115.50132,Badgingarra,AU-WA,,
AU-0753,small_airport,Howatharra Airstrip,-28.53267,114.63441,Howatharra,AU-WA,,
AU-0754,small_airport,Lynton Airfield,-28.21283,114.30641,Yallabatharra,AU-WA,,
AU-0755,small_airport,Hamelin Airstrip,-26.42178,114.21108,Hamelin Pool,AU-WA,,
AU-0756,small_airport,Carrarang Airstrip,-26.45249,113.51192,Useless Loop,AU-WA,,
AU-0759,small_airport,Lake MacLeod Airstrip,-24.40426,113.49222,MacLeod,AU-WA,,
AU-0761,small_airport,Wilderness Island Airstrip,-22.06749,114.52624,Exmouth,AU-WA,,
AU-0762,small_airport,Rongold Station Airstrip,-33.88356,141.9894,Wentworth,AU-NSW,,
AU-0763,small_airport,Knox Creek Airstrip,-14.05107,141.68185,Aurukun,AU-QLD,,
AU-0764,small_airport,Lelma Airstrip,-33.6727,142.41891,Pooncarie,AU-NSW,,
AU-0765,small_airport,Yeppoon Aerodrome,-23.12221,150.71837,Inverness,AU-QLD,,
AU-0767,small_airport,Mildura (Sunraysia Gliding Club) Airfield,-34.262146,142.057185,Koorlong,AU-VIC,,
AU-0768,small_airport,Orange Creek Airstrip,-24.37092,133.43785,Hugh,AU-NT,,
AU-0769,small_airport,Shannon's Creek Emergency Airstrip,-30.246177,142.103173,Packsaddle,AU-NSW,,
AU-0770,small_airport,Matheson Bore Airstrip,-28.26958,134.1489,Mount Willoughby,AU-SA,,
AU-0771,small_airport,Wirraminna Airport,-31.19277,136.21988,Wirraminna,AU-SA,YWIR,
AU-0772,small_airport,Mount Sturgeon Airstrip,-20.1341,144.28418,Porcupine,AU-QLD,,
AU-0773,small_airport,Boonderoo Airstrip,-20.35307,144.34526,Porcupine,AU-QLD,,
AU-0774,small_airport,Maiden Springs Airstrip,-19.90363,144.01572,Porcupine,AU-QLD,,
AU-0775,small_airport,Blackbraes Station Airstrip,-19.54287,144.19103,Lyndhurst,AU-QLD,,
AU-0776,small_airport,Maitland Downs Station Airstrip,-19.02085,144.46019,Lyndhurst,AU-QLD,,
AU-0777,small_airport,Nocoleche Airfield,-29.84436,144.11974,Wanaaring,AU-NSW,,
AU-0778,small_airport,Tilterweira Airfield,-30.00809,144.11175,Wanaaring,AU-NSW,,
AU-0779,small_airport,Walcha Farm Airstrip,-31.002219,151.678906,Walcha,AU-NSW,,
AU-0780,small_airport,Wilson's Creek Farm Airstrip,-30.661522,151.42745,Uralla,AU-NSW,,
AU-0781,small_airport,Karalundi Airport,-26.128817,118.676205,,AU-WA,,
AU-0782,small_airport,Stratford,-37.953674,147.092582,Stratford,AU-VIC,,
AU-0783,small_airport,JDandBoo,-37.85774,146.91748,Boisdale,AU-VIC,YJBO,
AU-0784,heliport,Wisemans Ferry Helicopter Landing Site,-33.3835,150.988667,Wisemans Ferry,AU-NSW,,
AU-0785,small_airport,Woodstock Station,-19.358723,142.756948,,AU-QLD,YWSN,
AU-0786,heliport,Eskbank Heliport,-33.476587,150.164732,Lithgow,AU-NSW,,
AU-0787,small_airport,Alinya Station Airstrip,-22.392997,146.565421,,AU-QLD,,
AU-0789,heliport,Neptune Island Lighthouse,-35.336947,136.117478,,AU-SA,,
AU-0795,heliport,Westmead CareFlight Base Heliport,-33.799743,150.989317,Westmead,AU-NSW,,
AU-0796,medium_airport,Nackeroo Airfield,-15.578026,130.475993,,AU-NT,YNKR,
AU-0798,small_airport,Mundowdna Airstrip,-29.71279,138.227757,Mundowdna,AU-SA,,
AU-0801,small_airport,Hordern Vale Airstrip,-38.783163,143.48141,Hordern Vale,AU-VIC,,
AU-0802,small_airport,Anglesea Airfield,-38.37228,144.210649,Anglesea,AU-VIC,,
AU-0803,small_airport,Torquay Private Airstrip,-38.282987,144.352116,Lambidgee,AU-VIC,,
AU-0804,small_airport,Mount Duneed Airfield,-38.260113,144.320795,Mount Duneed,AU-VIC,,
AU-0805,small_airport,Buckley Road South Airstrip,-38.222243,144.10146,Modewarre,AU-VIC,,
AU-0806,small_airport,Clondrisse Airfield (private),-38.48918,144.93305,Cape Schanck,AU-VIC,,
AU-0807,small_airport,McLeod Airstrip,-38.355822,145.445069,French Island,AU-VIC,,
AU-0809,small_airport,Fairey Bower Airfield,-30.883277,148.246318,Coonamble,AU-NSW,YFBR,
AU-0810,small_airport,Tooloora Farm Airstrip,-30.240334,148.090679,Walgett Shire,AU-NSW,,
AU-0811,small_airport,Rose Hill Airstrip,-30.182502,148.243328,Walgett Shire,AU-NSW,,
AU-AGW,small_airport,Agnew Airport,-12.1456,142.149369,Agnew,AU-QLD,,YAGN
AU-AYD,small_airport,Alroy Downs Airport,-19.2908,136.078995,Alroy Downs,AU-NT,,YALD
AU-BYX,small_airport,Baniyala Airport,-13.1981,136.227005,Baniyala,AU-NT,,YBNI
AU-COB,small_airport,Coolibah Airport,-15.548299789428711,130.96200561523438,Coolibah,AU-NT,,
AU-CRJ,small_airport,Coorabie Airport,-31.894399642944336,132.29600524902344,Coorabie,AU-SA,,
AU-CRY,small_airport,Carlton Hill Airport,-15.501899719238281,128.53399658203125,Carlton Hill,AU-WA,,
AU-CSD,small_airport,Cresswell Downs Airport,-17.947999954223633,135.91600036621094,Cresswell Downs,AU-NT,,
AU-DYM,small_airport,Diamantina Lakes Airport,-23.761699676513672,141.14500427246094,Diamantina Lakes,AU-QLD,,
AU-HLV,small_airport,Helenvale Airport,-15.685799598693848,145.21499633789062,Helenvale,AU-QLD,,
AU-KBD,small_airport,Kimberley Downs Airport,-17.398577,124.355565,Kimberley Downs,AU-WA,YKBS,YKBS
AU-KGR,small_airport,Kulgera Airport,-25.8428,133.292007,Ghan,AU-NT,,
AU-MYO,small_airport,Camballin Airport,-17.986539,124.162166,Myroodah,AU-WA,,
AU-PEP,small_airport,Peppimenarti Airport,-14.1442,130.091003,Peppimenarti,AU-NT,,
AU-RDA,small_airport,Rockhampton Downs Airport,-18.95330047607422,135.2010040283203,Rockhampton Downs,AU-NT,,
AU-SSK,small_airport,Sturt Creek Airport,-19.166400909423828,128.1739959716797,Sturt Creek,AU-WA,,
AU-SWB,small_airport,Shaw River Airport,-21.510299682617188,119.36199951171875,Shaw River,AU-WA,,
AU-TWP,small_airport,Torwood Airport,-17.363300323486328,143.75,Torwood,AU-QLD,,
AU-ZVG,small_airport,Springvale Airport,-17.7869,127.669998,Springvale,AU-WA,,
BCZ,small_airport,Milyakburra Airport,-13.780833333299999,136.201666667,Bickerton Island,AU-NT,,
BHT,small_airport,Brighton Downs Airport,-23.365763,141.562947,Brighton Downs,AU-QLD,,YBTD
CBC,small_airport,Cherrabun Airport,-18.917777777800005,125.537777778,,AU-WA,,
DALH,small_airport,Dalhousie Airport,-26.423045,135.509276,,AU-SA,,DALH
FSL,small_airport,Fossil Downs Airport,-18.1321,125.7873,Fossil Downs Station,AU-WA,,
HRN,heliport,Heron Island Helipad,-23.441765,151.911416,Heron Island,AU-QLD,,YHRN
KDS,small_airport,Kamaran Downs Airport,-24.3388,139.2785,Kamaran Downs,AU-QLD,,
LDW,small_airport,Lansdowne Airport,-17.6128,126.743,Lansdowne Station,AU-WA,,
LGE,small_airport,Mulan Airport,-20.1089,127.619,Lake Gregory,AU-WA,,
LGRS,small_airport,Logan Reserve Airport,-27.705986,153.109996,,AU-QLD,,LGRS
LLL,small_airport,Lissadell Airport,-16.661,128.594,Lissadell Station,AU-WA,,
MIZ,small_airport,Mainoru Airstrip,-14.0533,134.0942,Mainoru,AU-NT,,
MRT,small_airport,Moroak Airport,-14.818133,133.700594,Moroak,AU-NT,,
NRY,small_airport,Newry Airport,-16.0442,129.2638,Newry,AU-NT,,
NYA,small_airport,Natya Airport,-35.162805,143.367798,,AU-VIC,,
OXO,small_airport,Orientos Airport,-28.0598,141.5361,Orientos,AU-QLD,,
OZKL,small_airport,Koralta Station Airpirt,-31.624885,142.296143,,AU-NSW,,OZKL
RKY,small_airport,Rokeby Airport,-13.6434,142.641,Rokeby,AU-QLD,,
RLP,small_airport,Rosella Plains Airport,-18.4253,144.4587,Rosella Plains,AU-QLD,,
RPV,small_airport,Roper Valley Airport,-14.9215,134.05,Roper Valley,AU-NT,,
SRM,small_airport,Sandringham Airport,-24.0568,139.0821,Sandringham Station,AU-QLD,,
TCYT,small_airport,Crystal Brook Airport,-17.38355,144.450895,,AU-QLD,,TCYT
WAN,small_airport,Waverney Airport,-25.356917,141.925593,Waverney,AU-QLD,,
WHL,small_airport,Welshpool Airport,-38.682382,146.445331,Welshpool,AU-VIC,,
WYIM,heliport,Kenya Heliport,-26.940627,150.459094,Wieambilla,AU-QLD,,YWIM
YAAL,small_airport,Yarralin Airport,-16.44309,130.87884,,AU-NT,,YAAL
YABA,medium_airport,Albany Airport,-34.943333,117.808889,Albany,AU-WA,YABA,YABA
YABB,small_airport,Upper Warrego Airstrip,-25.194258,147.142757,Babbiloora,AU-QLD,,YABB
YABD,small_airport,Aberdeen Airport,-28.06763,150.641656,Aberdeen,AU-QLD,,YABD
YABF,small_airport,Aberfoyle Airport,-21.670556,145.266111,Torrens Creek,AU-QLD,,YABF
YABG,small_airport,Abbieglassie Airstrip,-27.248368,147.577989,Abbieglassie,AU-NT,,YABG
YABI,small_airport,Abingdon Downs Airport,-17.608814,143.183531,Abingdon Downs,AU-QLD,YABI,YABI
YABL,small_airport,Ambalindum Airport,-23.35187,134.732434,Ambalindum,AU-NT,,YABL
YABP,small_airport,Mooga/Brindley Park Airstrip,-26.325278,148.929849,Mooga,AU-QLD,,YABP
YABR,small_airport,Abra Mine Camp Airport,-24.624167,118.620278,Peak Hill,AU-WA,,YABR
YABS,small_airport,Albion Downs Airport,-27.283300399780273,120.38300323486328,,AU-WA,,YABS
YABU,small_airport,Amburla Airport,-23.339897,133.172332,Burt Plain,AU-NT,,YABU
YACD,small_airport,Alice Downs Station Airport,-24.269521,145.488553,Alice Downs,AU-QLD,,YACD
YACI,small_airport,Arcadia Airport,-25.210916,148.668365,,AU-QLD,,YACI
YACR,small_airport,Lotus Creek/Croyden Airstrip,-22.47322,149.156315,Croyden,AU-QLD,,YACR
YACS,small_airport,Acacia Downs Airport,-31.41670036315918,141.89999389648438,,AU-NSW,,YACS
YADA,small_airport,Adavale Airfield,-25.894945,144.569827,Adavale,AU-QLD,,YADA
YADD,small_airport,Arubiddy Airport,-31.813752,125.919725,,AU-WA,,YADD
YADE,small_airport,Annandale Airstrip,-21.943105,148.284423,Coppabella,AU-QLD,,YADE
YADG,small_airport,Aldinga Airport,-35.288753,138.49421,Aldinga,AU-SA,YADG,YADG
YADL,small_airport,Adele Island Airstrip,-15.516161,123.154035,Adele Island,AU-WA,,YADL
YADM,small_airport,Yandan Mine Airport,-21.274992,146.989697,,AU-QLD,,YADM
YADO,small_airport,Andado Airport,-25.407772,135.290794,Ghan,AU-NT,,YADO
YADR,small_airport,Aldersyde Airstrip,-26.663222,150.194392,Miles,AU-QLD,,YADR
YADS,small_airport,Alton Downs Airport,-26.488959,139.259906,,AU-SA,,YADS
YADU,small_airport,Ardgour Airstrip,-31.652468,150.040476,,AU-NSW,,YADU
YADY,small_airport,Adaminaby Airport,-35.997799,148.796005,Adaminaby,AU-NSW,,YADY
YAFD,heliport,Alfred Hospital Helipad,-37.84526,144.9813,Melbourne,AU-VIC,,YAFD
YAGD,small_airport,Augustus Downs Airport,-18.5087,139.882084,,AU-QLD,YAGD,YAGD
YAGL,small_airport,Argyle Airstrip,-27.481395,151.796036,Kingsthorpe,AU-QLD,,YAGL
YAGP,heliport,Angel Platform Oil Rig Helipad,-19.498611,116.598056,,AU-WA,,YAGP
YAHD,small_airport,Ashburton Downs Airport,-23.380787,117.025573,,AU-WA,,YAHD
YAIN,heliport,Agincourt North Helicopter Landing Site,-15.981015,145.820144,Agincourt Reef,AU-QLD,,YAIN
YAIR,small_airport,Beela Airstrip,-29.396309,149.869974,Moree,AU-NSW,,YAIR
YAIS,heliport,Agincourt South Helicopter Landing Site,-16.035616,145.834708,Agincourt Reef,AU-QLD,,YAIS
YAIW,heliport,Adelaide International Raceway Helicopter Landing Site,-34.696667,138.565,Waterloo Corner,AU-SA,,YAIW
YAKG,small_airport,Arckaringa Airport,-27.946699142456055,134.7449951171875,,AU-SA,,YAKG
YALA,small_airport,Marla Airport,-27.334298,133.627696,Marla,AU-SA,YALA,YALA
YALC,small_airport,Alcoota Station Airport,-22.801963,134.4036,Alcoota,AU-NT,,YALC
YALG,small_airport,Adels Grove Airport,-18.694729,138.527727,,AU-QLD,YALG,YALG
YALH,small_airport,Albilbah Airport,-24.712305,144.290861,,AU-QLD,,YALH
YALM,small_airport,Allambie Airport,-24.265335,134.402927,,AU-NT,,YALM
YALN,small_airport,Allandy Airport,-30.38835,142.625198,Packsaddle,AU-NSW,,YALN
YALP,small_airport,Alpurrurulam Airport,-20.984932,137.832949,Alpurrurulam,AU-NT,,YALP
YALX,small_airport,Alexandria Homestead Airport,-19.060199737548828,136.7100067138672,,AU-NT,YALX,YALX
YALY,small_airport,Alderley Airport,-22.483299255371094,139.63299560546875,,AU-QLD,,YALY
YAMA,heliport,Yamba Heliport,-29.444232,153.345312,Yamba,AU-NSW,,YAMA
YAMB,medium_airport,RAAF Base Amberley,-27.635381,152.711223,,AU-QLD,YAMB,YAMB
YAMC,small_airport,Aramac Airport,-22.95788,145.249504,,AU-QLD,YAMC,YAMC
YAMJ,small_airport,Ampilatwatja Airport,-21.654955,135.23097,Ampilatwatja,AU-NT,,YAMJ
YAMK,small_airport,Andamooka Airport,-30.438299,137.136993,Andamooka,AU-SA,YAMK,YAMK
YAML,small_airport,Armraynald Airport,-17.954826,139.759794,,AU-QLD,,YAML
YAMM,small_airport,Ammaroo Airport,-21.738300323486328,135.24200439453125,,AU-NT,,YAMM
YAMN,small_airport,El Alamein Landing,-32.537548,137.693283,Port Augusta,AU-SA,,YAMN
YAMO,small_airport,Belyando Airstrip,-21.943611,146.633333,Moray Downs,AU-QLD,,YAMO
YAMT,small_airport,Amata Airport,-26.097363,131.202732,,AU-SA,YAMT,YAMT
YAND,small_airport,Answer Downs Airport,-21.66670036315918,140.98300170898438,,AU-QLD,,YAND
YANG,small_airport,West Angelas Airport,-23.1355555556,118.707222222,,AU-WA,YANG,YANG
YANJ,small_airport,Angatja Airport,-26.100000381469727,130.39999389648438,,AU-SA,,YANJ
YANK,small_airport,Anna Creek Airport,-28.89678,136.170795,,AU-SA,YANK,YANK
YANL,small_airport,Anthony Lagoon Airport,-18.018079031,135.535068512,,AU-NT,,YANL
YANN,small_airport,Anningie Airport,-21.83169937133789,133.125,,AU-NT,,YANN
YANW,small_airport,Annitowa Airport,-21.200017,136.451139,,AU-NT,,YANW
YAOC,small_airport,Dunmore/Opal Creek Airport,-27.667778,150.932879,Dunmore,AU-QLD,,YAOC
YAOD,heliport,Australian Age of Dinosaurs Helicopter Landing Site,-22.48,143.1825,Australian Age of Dinosaurs Museum,AU-QLD,,YAOD
YAOR,small_airport,Ardmore Airport,-21.649999618530273,139.18299865722656,,AU-QLD,,YAOR
YAPA,small_airport,Anna Plains Airport,-19.26808,121.51128,Eighty Mile Beach,AU-WA,,YAPA
YAPH,small_airport,Alpha Airport,-23.652849,146.582668,Alpha,AU-QLD,YAPH,YAPH
YAPO,small_airport,Apollo Bay Airport,-38.77493,143.661175,,AU-VIC,,YAPO
YAQA,small_airport,Aquila Airfield,-25.528889,152.570007,,AU-QLD,,YAQA
YARA,medium_airport,Ararat Airport,-37.309978,142.988688,Ararat,AU-VIC,YARA,YARA
YARD,small_airport,Argadargada Airport,-21.676700592041016,136.67799377441406,,AU-NT,,YARD
YARE,small_airport,Redford Airstrip,-25.838861,147.41221,Redford Station,AU-QLD,,YARE
YARG,small_airport,Argyle Airport,-16.636944,128.451389,,AU-WA,YARG,YARG
YARI,small_airport,Arizona 1 Airport,-21.66670036315918,141.56700134277344,,AU-QLD,,YARI
YARK,small_airport,Arkaroola Airport,-30.4067,139.345993,,AU-SA,YARK,YARK
YARL,small_airport,Ardlethan Airport,-34.411265,146.85884,,AU-NSW,,YARL
YARM,medium_airport,Armidale Airport,-30.528099060099997,151.617004395,Armidale,AU-NSW,YARM,YARM
YARN,small_airport,Areyonga Airport,-24.091565,132.271228,Mereenie,AU-NT,,YARN
YARP,small_airport,Arapunya Airport,-22.316699981689453,135.6999969482422,,AU-NT,,YARP
YARS,small_airport,Ardrossan Airport,-34.447189,137.888292,,AU-SA,YARS,YARS
YARY,small_airport,Arrabury Airport,-26.69639,141.048718,Tanbar,AU-QLD,YARY,YARY
YASF,small_airport,Ashford Airport,-29.317096,151.056207,,AU-NSW,,YASF
YASS,small_airport,Bakblok Airport,-34.88669967651367,149.01499938964844,,AU-NSW,,YASS
YATL,small_airport,Atula Airport,-23.255344,136.388955,Anatye,AU-NT,,YATL
YATN,small_airport,Atherton Airport,-17.256402,145.511482,Atherton,AU-QLD,YATN,YATN
YATR,small_airport,Amphitheatre Airport,-37.18330001831055,143.39999389648438,,AU-VIC,,YATR
YATY,small_airport,Atley Airport,-28.216699600219727,119.25,,AU-WA,,YATY
YAUA,small_airport,Augathella Airport,-25.7549991607666,146.58700561523438,,AU-QLD,,YAUA
YAUG,small_airport,Tallinup-Augusta Airport,-34.328604,115.157029,Augusta,AU-WA,,YAUG
YAUL,small_airport,Aratula Airstrip,-27.97776,152.56377,,AU-QLD,,YAUL
YAUR,small_airport,Aurukun Airport,-13.354019,141.720028,Aurukun,AU-QLD,YAUR,YAUR
YAUS,small_airport,Austral Downs Airport,-20.5,137.75,,AU-NT,,YAUS
YAUV,small_airport,Auvergne Airport,-15.690555,130.008818,Auvergne Station,AU-NT,YAUV,YAUV
YAVD,small_airport,Avon Downs Airport,-20.033300399780273,137.51699829101562,,AU-NT,,YAVD
YAVM,small_airport,Avonmore Airport,-36.56669998168945,144.5500030517578,,AU-VIC,,YAVM
YAWT,small_airport,Agnes Water private Airport,-24.20224,151.8925,Agnes Water,AU-QLD,,YAWT
YAXA,heliport,Alexandra Hospital Heliport,-37.195448,145.717455,Alexandra,AU-VIC,,YAXA
YAYE,medium_airport,Ayers Rock Connellan Airport,-25.185913,130.97703,Yulara,AU-NT,YAYE,YAYE
YAYR,small_airport,Ayr Airport,-19.595832,147.324495,Ayr,AU-QLD,YAYR,YAYR
YBAB,small_airport,Baralaba,-24.19357,149.843166,Baralaba,AU-QLD,YBAB,YBAB
YBAD,small_airport,Baradine Airport,-30.955246,149.091984,,AU-NSW,YBAD,YBAD
YBAF,small_airport,Brisbane Archerfield Airport,-27.572351,153.004167,Brisbane,AU-QLD,YBAF,YBAF
YBAH,small_airport,Bauhinia Downs Airport,-16.13330078125,135.4669952392578,,AU-NT,,YBAH
YBAL,small_airport,Balladonia Airport,-32.346793,123.614945,,AU-WA,,YBAL
YBAN,small_airport,Mount Barnett Airport,-16.741453,125.905608,Wunaamin Miliwundi Ranges,AU-WA,,YBAN
YBAO,small_airport,Braidwood Airport,-35.43799,149.844406,Braidwood,AU-NSW,,YBAO
YBAR,medium_airport,Barcaldine Airport,-23.566268,145.302086,Barcaldine,AU-QLD,YBAR,YBAR
YBAS,medium_airport,Alice Springs Airport,-23.806588,133.903427,Alice Springs,AU-NT,YBAS,YBAS
YBAU,small_airport,Badu Island Airport,-10.14955,142.173665,Badu Island,AU-QLD,YBAU,YBAU
YBAW,small_airport,Barkly Downs Airport,-20.4958333333,138.474722222,,AU-QLD,YBAW,YBAW
YBBA,small_airport,Barraba Airport,-30.393709,150.597678,,AU-NSW,,YBBA
YBBC,small_airport,Bamboo Creek Airport,-20.944599151611328,120.16500091552734,Bamboo Creek Gold Mine,AU-WA,,YBBC
YBBE,small_airport,Big Bell Airport,-27.328351,117.671771,Big Bell,AU-WA,,YBBE
YBBL,small_airport,Billabalong Airport,-27.417679,115.834423,,AU-WA,,YBBL
YBBN,large_airport,Brisbane International Airport,-27.384199142456055,153.11700439453125,Brisbane,AU-QLD,YBBN,YBBN
YBBO,small_airport,Bon Bon Airport,-30.403091,135.482042,Bon Bon,AU-SA,,YBBO
YBBT,small_airport,Boort Airport,-36.138637,143.722994,Wedderburn,AU-VIC,YBBT,YBBT
YBCB,small_airport,Bencubbin Airport,-30.821446,117.867165,,AU-WA,,YBCB
YBCG,large_airport,Gold Coast Airport,-28.165962,153.506641,Gold Coast,AU-QLD,YBCG,YBCG
YBCH,small_airport,Beechworth Airstrip,-36.393333,146.696389,Beechworth,AU-VIC,,YBCH
YBCK,medium_airport,Blackall Airport,-24.431678,145.429716,Blackall,AU-QLD,YBCK,YBCK
YBCL,small_airport,Boolcarrol Station Airport,-30.035418,149.373278,,AU-NSW,,YBCL
YBCM,small_airport,Coominya,-27.3907447666,152.466545105,,AU-QLD,,YBCM
YBCR,small_airport,Batchelor Airport,-13.05663,131.028804,,AU-NT,,YBCR
YBCS,large_airport,Cairns International Airport,-16.878921,145.74948,Cairns,AU-QLD,YBCS,YBCS
YBCV,medium_airport,Charleville Airport,-26.4132995605,146.261993408,Charleville,AU-QLD,YBCV,YBCV
YBDF,small_airport,Bedford Downs Airport,-17.286699295,127.462997437,,AU-WA,YBDF,YBDF
YBDG,small_airport,Bendigo Airport,-36.739399,144.330002,,AU-VIC,YBDG,YBDG
YBDP,small_airport,Flinders Island Aviation (Bridport),-41.023798,147.416791,Bridport,AU-TAS,,YBDP
YBDS,small_airport,Birthday Siding Airport,-30.288867,134.528275,Tarcoola,AU-SA,,YBDS
YBDU,small_airport,Birrindudu Airport,-18.384522,129.437592,,AU-NT,,YBDU
YBDV,medium_airport,Birdsville Airport,-25.897499084472656,139.34800720214844,,AU-QLD,YBDV,YBDV
YBDX,small_airport,Barradale Airport,-22.863300323486328,114.96299743652344,,AU-WA,,YBDX
YBEB,small_airport,Bellburn Airstrip,-17.545,128.305,Pumululu National Park,AU-WA,YBEB,YBEB
YBEC,small_airport,Beacon Airport,-30.474864,117.879932,,AU-WA,,YBEC
YBEE,small_airport,Beverley Airport,-30.190595,139.55532,,AU-SA,YBEE,YBEE
YBEF,small_airport,Beaufort Airport,-37.45000076293945,143.25,,AU-VIC,,YBEF
YBEG,small_airport,Bening Field Airport,-19.653334,146.293671,,AU-QLD,,YBEG
YBEL,small_airport,Bothwell Airport,-42.369482,147.029538,Bothwell,AU-TAS,,YBEL
YBEO,small_airport,Betoota Airport,-25.694791,140.738339,,AU-QLD,YBEO,YBEO
YBEU,small_airport,Beulah 1 Airport,-35.95000076293945,142.41700744628906,,AU-VIC,,YBEU
YBEV,small_airport,Beverley Airport,-32.125341,116.949625,,AU-WA,,YBEV
YBEW,small_airport,Beechworth Airstrip,-31.916678,144.645553,,AU-NSW,,YBEW
YBFR,small_airport,Balfour Airport,-41.259033262799996,144.886064529,,AU-TAS,,YBFR
YBFT,small_airport,Beaufort,-37.495,143.43,,AU-VIC,,YBFT
YBFW,small_airport,Beefwood HLS,-23.311725,148.485371,,AU-QLD,YBFW,YBFW
YBGB,small_airport,Beagle Bay Airport,-17.0165,122.6464,Dampier Peninsula,AU-WA,,YBGB
YBGD,small_airport,Boolgeeda,-22.541111,117.269444,,AU-WA,YBGD,YBGD
YBGI,small_airport,Balgair Airport,-31.066699981689453,125.66699981689453,,AU-WA,,YBGI
YBGO,small_airport,Balgo Hill Airport,-20.148333,127.973889,Balgo,AU-WA,YBGO,YBGO
YBGR,small_airport,Bridgewater Airport,-36.619558,143.952109,Bridgewater On Loddon,AU-VIC,YBGR,YBGR
YBGT,small_airport,Budgerygar Airport,-25.3700008392334,143.7729949951172,,AU-QLD,,YBGT
YBGY,small_airport,Biniguy Airport,-29.504999,150.192001,,AU-NSW,,YBGY
YBHB,small_airport,Bathurst Harbour Airport,-43.421336,146.162131,Southwest,AU-TAS,,YBHB
YBHI,medium_airport,Broken Hill Airport,-32.0013999939,141.472000122,Broken Hill,AU-NSW,YBHI,YBHI
YBHK,small_airport,Bushy Park Airport,-21.266700744628906,139.7169952392578,,AU-QLD,,YBHK
YBHL,small_airport,Bindoon Hill Airstrip,-31.3403,116.188004,Bindoon,AU-WA,,YBHL
YBHM,medium_airport,Hamilton Island Airport,-20.3581008911,148.95199585,Hamilton Island,AU-QLD,YBHM,YBHM
YBHN,small_airport,Blenheim Airstrip,-27.653725,152.307673,,AU-QLD,,YBHN
YBIA,small_airport,Bingara Airport,-29.815165,150.534351,,AU-NSW,,YBIA
YBID,small_airport,Binda,-34.30256,149.357668,,AU-NSW,,YBID
YBIE,medium_airport,Bedourie Airport,-24.3461,139.460007,Bedourie,AU-QLD,YBIE,YBIE
YBII,small_airport,Balbirini Airfield,-16.72373,135.736915,,AU-NT,,YBII
YBIL,small_airport,Billiluna Airport,-19.566699981699998,127.666999817,,AU-WA,,YBIL
YBIN,small_airport,Biggenden Airport,-25.521259,152.046329,,AU-QLD,,YBIN
YBIR,small_airport,Birchip Airport,-35.999699,142.917007,,AU-VIC,YBIR,YBIR
YBIU,small_airport,Ballidu Airport,-30.592693,116.779288,,AU-WA,YBIU,YBIU
YBIZ,small_airport,Bizant Airport,-14.7402777778,144.119444444,Lakefield National Park,AU-QLD,,YBIZ
YBJW,small_airport,Banjawarn Airport,-27.66670036315918,121.5999984741211,,AU-WA,,YBJW
YBKE,medium_airport,Bourke Airport,-30.039199829101562,145.95199584960938,,AU-NSW,YBKE,YBKE
YBKS,small_airport,Barkly Wayside Inn Airport,-19.709199905395508,135.81900024414062,,AU-NT,,YBKS
YBKT,small_airport,Burketown Airport,-17.748600006103516,139.53399658203125,,AU-QLD,YBKT,YBKT
YBLA,medium_airport,Benalla Airport,-36.551899,146.007004,Benalla,AU-VIC,YBLA,YBLA
YBLB,small_airport,Billabong Road House Airport,-26.821394,114.6112,Meadow,AU-WA,,YBLB
YBLC,small_airport,Balcanoona Airport,-30.535,139.337006,,AU-SA,YBLC,YBLC
YBLD,small_airport,Brooklands Airport,-31.823078,116.799291,,AU-WA,,YBLD
YBLE,small_airport,Biloela Airport,-24.320816,150.509627,Biloela,AU-QLD,,YBLE
YBLG,small_airport,Bollards Lagoon Airport,-28.981855,140.857666,,AU-SA,,YBLG
YBLH,small_airport,Bellalie Airport,-27.011318,142.958236,,AU-QLD,,YBLH
YBLI,small_airport,Bald Hills Airport,-30.330653,152.458323,Hernani,AU-NSW,,YBLI
YBLL,small_airport,Bollon Airport,-28.051247,147.481799,,AU-QLD,YBLL,YBLL
YBLM,small_airport,Blinman Airport,-31.118600845336914,138.7259979248047,,AU-SA,,YBLM
YBLN,small_airport,Busselton Margaret River Regional Airport,-33.687222,115.400278,Busselton,AU-WA,YBLN,YBLN
YBLT,small_airport,Ballarat Airport,-37.5117,143.791,,AU-VIC,YBLT,YBLT
YBLU,small_airport,Bellevue Airport,-27.612778,120.593889,,AU-WA,,YBLU
YBMA,medium_airport,Mount Isa Airport,-20.66638,139.488468,Mount Isa,AU-QLD,YBMA,YBMA
YBMD,small_airport,Bloomfield River Airport,-15.8736000061,145.330001831,,AU-QLD,,YBMD
YBMG,heliport,Bermagui - Dickinson Oval HLS,-36.4265,150.076167,Bermagui,AU-NSW,,YBMG
YBMI,small_airport,Boomi Airport,-28.728373,149.595181,,AU-NSW,YBMI,YBMI
YBMK,medium_airport,Mackay Airport,-21.170816,149.182588,Mackay,AU-QLD,YBMK,YBMK
YBMM,small_airport,Bamawm Airport,-36.25,144.63299560546875,,AU-VIC,,YBMM
YBMR,small_airport,Barmera Airport,-34.23469,140.476792,,AU-SA,,YBMR
YBMY,small_airport,Bamyili Airport,-14.519469,132.881753,Barunga,AU-NT,YBMY,YBMY
YBNA,medium_airport,Ballina Byron Gateway Airport,-28.833236,153.561471,Ballina,AU-NSW,YBNA,YBNA
YBNC,small_airport,Bannockburn Airport,-21.799999237060547,145.08299255371094,,AU-QLD,,YBNC
YBND,small_airport,Bendick Murrell Airstrip,-34.174167,148.471944,Bendick Murrell,AU-NSW,,YBND
YBNM,small_airport,Benmara Airport,-17.918759,136.897717,,AU-NT,,YBNM
YBNR,small_airport,Browns Range Airport,-18.895556,128.941944,,AU-WA,,YBNR
YBNS,medium_airport,Bairnsdale Airport,-37.887539,147.569379,Bairnsdale,AU-VIC,YBNS,YBNS
YBNY,small_airport,Brunchilly Airport,-18.86956,134.494736,,AU-NT,,YBNY
YBOA,small_airport,Boonah Airport,-28.017922,152.675857,,AU-QLD,YBOA,YBOA
YBOC,small_airport,Booleroo Centre Airport,-32.88989,138.366382,,AU-SA,YBOC,YBOC
YBOD,small_airport,Bodalla Airport,-26.299999237060547,143.38299560546875,,AU-QLD,,YBOD
YBOG,small_airport,Boggabri Airport,-30.716699600219727,150.0500030517578,,AU-NSW,,YBOG
YBOI,small_airport,Boigu Island Airport,-9.23278,142.218002,Boigu Island,AU-QLD,YBOI,YBOI
YBOK,medium_airport,Oakey Army Aviation Centre,-27.409262,151.736727,,AU-QLD,YBOK,YBOK
YBOM,small_airport,Bombala Airport,-36.904999,149.182007,,AU-NSW,YBOM,YBOM
YBOP,small_airport,Boyup Brook Airport,-33.900001525878906,116.46700286865234,,AU-WA,,YBOP
YBOR,small_airport,Bordertown Airport,-36.268104,140.721991,Bordertown,AU-SA,,YBOR
YBOT,small_airport,Boatman Airport,-27.269279,146.901841,,AU-QLD,,YBOT
YBOU,medium_airport,Boulia Airport,-22.913299560546875,139.89999389648438,,AU-QLD,YBOU,YBOU
YBOV,small_airport,Border Village Airport,-31.639400482177734,129.01199340820312,Border Village,AU-SA,,YBOV
YBOW,heliport,Mount Barrow Helicopter Landing Site,-41.377597,147.416482,Nunamara,AU-TAS,,YBOW
YBOY,small_airport,Booylgoo Springs Airport,-27.75,119.9000015258789,,AU-WA,,YBOY
YBPI,small_airport,Brampton Island Airport,-20.804633,149.279931,,AU-QLD,YBPI,YBPI
YBPK,heliport,"Melbourne Heliport, Batman Park",-37.822272,144.956789,Melbourne,AU-VIC,,YBPK
YBPN,medium_airport,Proserpine Whitsunday Coast Airport,-20.494416,148.553583,Proserpine,AU-QLD,YBPN,YBPN
YBRA,small_airport,Benambra Airport,-36.9668665594,147.699143887,,AU-VIC,,YBRA
YBRC,small_airport,Barrow Creek Airport,-21.542202,133.871959,,AU-NT,,YBRC
YBRJ,small_airport,Burren Junction Airport,-30.159024,148.974706,,AU-NSW,,YBRJ
YBRK,medium_airport,Rockhampton Airport,-23.380019,150.475359,Rockhampton,AU-QLD,YBRK,YBRK
YBRL,small_airport,Borroloola Airport,-16.0753,136.302002,,AU-NT,YBRL,YBRL
YBRM,large_airport,Broome International Airport,-17.949194,122.2283,Broome,AU-WA,YBRM,YBRM
YBRN,medium_airport,Balranald Airport,-34.624834,143.577114,,AU-NSW,YBRN,YBRN
YBRO,small_airport,Bruce Rock Airport,-31.887467,118.115133,,AU-WA,,YBRO
YBRS,small_airport,Barwon Heads Airport,-38.256145,144.427895,Connewarre,AU-VIC,,YBRS
YBRU,small_airport,Brunette Downs Airport,-18.637472,135.938355,,AU-NT,,YBRU
YBRW,medium_airport,Brewarrina Airport,-29.975792,146.81438,,AU-NSW,YBRW,YBRW
YBRY,small_airport,Barimunya Airport,-22.673889,119.166111,,AU-WA,YBRY,YBRY
YBSG,small_airport,RAAF Base Scherger,-12.6239,142.087006,Mission River,AU-QLD,,YBSG
YBSP,small_airport,Bond Springs Airport,-23.516695,133.849525,Burt Plain,AU-NT,,YBSP
YBSR,small_airport,Blackstone Airport,-25.9867000579834,128.28799438476562,,AU-WA,,YBSR
YBSS,small_airport,Bacchus Marsh Airport,-37.733333,144.421667,Bacchus Marsh,AU-VIC,,YBSS
YBSU,large_airport,Sunshine Coast Airport,-26.593324,153.08319,Maroochydore,AU-QLD,YBSU,YBSU
YBTH,medium_airport,Bathurst Airport,-33.406817,149.651161,Bathurst,AU-NSW,YBTH,YBTH
YBTI,medium_airport,Bathurst Island Airport,-11.764966,130.615774,Wurrumiyanga,AU-NT,YBTI,YBTI
YBTK,small_airport,Bentinck Island Airport,-17.086702346801758,139.56578063964844,,AU-QLD,,YBTK
YBTL,medium_airport,Townsville Airport / RAAF Base Townsville,-19.252904,146.766512,Townsville,AU-QLD,YBTL,YBTL
YBTN,small_airport,Barton Siding Airport,-30.524589,132.675254,,AU-SA,,YBTN
YBTR,medium_airport,Blackwater Airport,-23.6031,148.807007,,AU-QLD,YBTR,YBTR
YBTS,small_airport,Battery Downs Airport,-19.433300018310547,145.85000610351562,,AU-QLD,,YBTS
YBTT,small_airport,Buttabone Airport,-31.376562,147.606774,,AU-NSW,,YBTT
YBTV,small_airport,Batavia Downs Airport,-12.6592,142.675003,,AU-QLD,,YBTV
YBUA,small_airport,Bundarra Airport,-21.966699600219727,148.5330047607422,,AU-QLD,,YBUA
YBUD,medium_airport,Bundaberg Airport,-24.905039,152.322612,Bundaberg,AU-QLD,YBUD,YBUD
YBUG,small_airport,Bulga Downs Station Airport,-28.5,119.73300170898438,,AU-WA,,YBUG
YBUI,heliport,Northwest Regional Hospital Helipad,-41.047042,145.880431,Burnie,AU-TAS,,YBUI
YBUL,small_airport,Bulgunnia Airport,-30.184458,134.905157,Bulgunnia,AU-SA,,YBUL
YBUN,small_airport,Bunbury Airport,-33.378056,115.676944,,AU-WA,YBUN,YBUN
YBUP,small_airport,Bunyip Airport,-38.016700744628906,145.75,,AU-VIC,,YBUP
YBUT,small_airport,Butheroo Station Airport,-31.76451,149.424296,Butheroo,AU-NSW,,YBUT
YBUU,heliport,Bungle Heliport,-17.544565,128.307617,Bungle Bungle,AU-WA,,YBUU
YBUX,small_airport,Bulleringa Airport,-17.649999618530273,143.8000030517578,,AU-QLD,,YBUX
YBUY,small_airport,Bunyan Airfield,-36.1342008376,149.131979942,,AU-NSW,,YBUY
YBVA,small_airport,Balaklava Airport,-34.090958,138.339801,,AU-SA,,YBVA
YBVL,small_airport,Blackville Airport,-31.58649,150.174522,,AU-NSW,,YBVL
YBVY,small_airport,Bullo River Valley Airport,-15.466699600219727,129.76699829101562,,AU-NT,,YBVY
YBWG,small_airport,Bronzewing Airport,-27.365601,121.036003,,AU-WA,,YBWG
YBWI,small_airport,Burdekin Falls Dam Airport,-20.59564,147.095504,,AU-QLD,,YBWI
YBWM,small_airport,Bulimba Airport,-16.8808002472,143.479003906,,AU-QLD,,YBWM
YBWN,small_airport,Bowen Airport,-20.017999,148.215245,Bowen,AU-QLD,YBWN,YBWN
YBWO,small_airport,Bowen Downs Airport,-22.4641,144.99785,Upper Cornish Creek,AU-QLD,,YBWO
YBWP,medium_airport,Weipa Airport,-12.677493,141.922618,Weipa,AU-QLD,YBWP,YBWP
YBWR,small_airport,Bolwarra Airport,-17.388299942,144.169006348,,AU-QLD,,YBWR
YBWS,heliport,Browse Island Heliport,-14.11058,123.549666,,AU-WA,,YBWS
YBWT,small_airport,Bowthorn Airport,-18.08329963684082,138.27499389648438,,AU-QLD,,YBWT
YBWW,large_airport,Toowoomba Wellcamp Airport,-27.558332,151.793335,Toowoomba,AU-QLD,YBWW,YBWW
YBWX,small_airport,Barrow Island Airport,-20.864444,115.406111,,AU-WA,YBWX,YBWX
YBXH,small_airport,Branxholme Airport,-37.8672981262207,141.70199584960938,,AU-VIC,,YBXH
YBYA,small_airport,Bryah Airport,-25.533300399780273,118.73300170898438,,AU-WA,,YBYA
YBYD,small_airport,Bonney Downs Station Airport,-22.266700744628906,119.88300323486328,,AU-WA,,YBYD
YBYI,small_airport,Bruny Island Airport,-43.2342,147.380005,,AU-TAS,,YBYI
YBYL,small_airport,Baryulgil Airstrip,-29.21829,152.61611,Baryulgil,AU-NSW,,YBYL
YBYO,heliport,Brymaroo Airfield,-27.2295,151.615,Brymaroo,AU-QLD,,YBYO
YBYR,small_airport,Byrock Airport,-30.658232,146.394689,Byrock,AU-NSW,,YBYR
YBYS,small_airport,Beverley Springs Airport,-16.732756,125.439105,Wunaamin Miliwundi Ranges,AU-WA,YBYS,YBYS
YBYW,small_airport,Bayswater Airport,-25.450000762939453,145.58299255371094,,AU-QLD,,YBYW
YCAB,small_airport,Caboolture Airport,-27.076027,152.987376,Caboolture,AU-QLD,,YCAB
YCAC,small_airport,Cattle Creek Airport,-17.607000351,131.548995972,,AU-NT,,YCAC
YCAE,small_airport,Campbell Town Airport,-41.967224,147.530548,Campbell Town,AU-TAS,,YCAE
YCAG,small_airport,Caiguna Airport,-32.280457,125.477943,,AU-WA,YCAG,YCAG
YCAH,small_airport,Coolah Airport,-31.773864,149.615322,,AU-NSW,YCAH,YCAH
YCAI,small_airport,Callion Airport,-30.120342,120.571334,,AU-WA,,YCAI
YCAJ,small_airport,Cadjebut Airport,-18.700000762939453,125.9000015258789,,AU-WA,,YCAJ
YCAL,small_airport,Castlemaine Airport,-37.134218,144.158231,,AU-VIC,,YCAL
YCAM,small_airport,Cannington Station Airport,-21.875,140.89999389648438,,AU-QLD,,YCAM
YCAN,small_airport,Cannon Hill Community Airport,-12.3549,132.94495,Cannon Hill,AU-NT,,YCAN
YCAR,medium_airport,Carnarvon Airport,-24.884337,113.666393,Carnarvon,AU-WA,YCAR,YCAR
YCAS,small_airport,Casino Airport,-28.881304,153.060724,,AU-NSW,YCAS,YCAS
YCBA,medium_airport,Cobar Airport,-31.538299560546875,145.79400634765625,,AU-NSW,YCBA,YCBA
YCBB,medium_airport,Coonabarabran Airport,-31.3325,149.266998,,AU-NSW,YCBB,YCBB
YCBE,small_airport,Canobie Airport,-19.479400634799998,140.927001953,Canobie,AU-QLD,,YCBE
YCBG,small_airport,Cambridge Aerodrome,-42.827498,147.478337,Cambridge,AU-TAS,,YCBG
YCBH,heliport,Cairns Base Hospital Heliport.,-16.911465,145.768924,Cairns,AU-QLD,,YCBH
YCBN,small_airport,Cape Barren Island Airport,-40.390537,148.016933,Cape Barren Island,AU-TAS,,YCBN
YCBO,small_airport,Cape Borda Airport,-35.75669860839844,136.59800720214844,,AU-SA,,YCBO
YCBP,medium_airport,Coober Pedy Airport,-29.038312,134.722166,Coober Pedy,AU-SA,YCBP,YCBP
YCBR,small_airport,Collarenebri Airport,-29.523239,148.578243,,AU-NSW,YCBR,YCBR
YCCA,medium_airport,Chinchilla Airport,-26.771947,150.617571,Chinchilla,AU-QLD,YCCA,YCCA
YCCF,small_airport,Cape Crawford Airport,-16.687676,135.730097,McArthur,AU-NT,,YCCF
YCCK,small_airport,Canteen Creek Airport,-20.650800704956055,135.5850067138672,,AU-NT,,YCCK
YCCT,small_airport,Coconut Island Airport,-10.050139,143.070007,,AU-QLD,YCCT,YCCT
YCCY,medium_airport,Cloncurry Airport,-20.668600082399998,140.503997803,Cloncurry,AU-QLD,YCCY,YCCY
YCDB,small_airport,Coondambo Airport,-31.053413,135.864401,Glendambo,AU-SA,,YCDB
YCDE,small_airport,Cobden airport,-38.323419,143.056626,Camperdown,AU-VIC,,YCDE
YCDH,small_airport,Cadney Homestead Airport,-27.907286,134.056377,Coober Pedy,AU-SA,,YCDH
YCDL,heliport,Cradle Mountain Helipad,-41.577363,145.941261,Middlesex,AU-TAS,,YCDL
YCDO,small_airport,Condobolin Airport,-33.06565,147.21316,,AU-NSW,YCDO,YCDO
YCDR,small_airport,Caloundra Airport,-26.80336,153.104975,Caloundra,AU-QLD,YCDR,YCDR
YCDS,small_airport,Childers Airport,-25.2530800689,152.335395813,,AU-QLD,,YCDS
YCDT,small_airport,Carandotta Airport,-21.966699600219727,138.61700439453125,,AU-QLD,,YCDT
YCDU,medium_airport,Ceduna Airport,-32.13059997558594,133.7100067138672,,AU-SA,YCDU,YCDU
YCDV,small_airport,Caldervale Station Airport,-25.108299255371094,146.83299255371094,,AU-QLD,,YCDV
YCEE,medium_airport,Cleve Airport,-33.709702,136.505005,,AU-SA,YCEE,YCEE
YCEL,small_airport,Capella Airport,-23.095104,148.006241,Capella,AU-QLD,,YCEL
YCEM,small_airport,Coldstream Airport,-37.727669,145.408371,Coldstream,AU-VIC,,YCEM
YCES,small_airport,Ceres Airport,-38.14830017089844,144.25799560546875,,AU-VIC,,YCES
YCFD,small_airport,Camfield Airport,-17.021699905395508,131.32699584960938,,AU-NT,YCFD,YCFD
YCFH,small_airport,Clifton Hills Airport,-27.018299,138.891998,Clifton Hills,AU-SA,,YCFH
YCFL,small_airport,Cape Flattery Airport,-14.970832,145.311667,,AU-QLD,,YCFL
YCFN,small_airport,Clifton Airport,-27.927507,151.848178,,AU-QLD,,YCFN
YCFS,medium_airport,Coffs Harbour Airport,-30.320601,153.115997,Coffs Harbour,AU-NSW,YCFS,YCFS
YCGH,small_airport,Clonagh Airport,-20.13330078125,140.68299865722656,,AU-QLD,,YCGH
YCGI,small_airport,Carnegie Station Airport,-25.79746,122.942154,,AU-WA,,YCGI
YCGL,small_airport,Cungelella Airport,-24.6853,147.15701,Mantuan Downs,AU-QLD,,YCGL
YCGO,small_airport,Chillagoe Airport,-17.138386,144.528494,Chillagoe,AU-QLD,YCGO,YCGO
YCHB,small_airport,Cherrabah Airport,-28.4301,152.08895,Cherrabah Homestead Resort,AU-QLD,,YCHB
YCHI,small_airport,Cape Shield (Djarrakpi) Airport,-13.287756,136.354827,East Arnhem,AU-NT,,YCHI
YCHK,small_airport,Christmas Creek Airport,-22.354302,119.642603,Christmas Creek Mine,AU-WA,YCHK,YCHK
YCHL,small_airport,Charlton Airport,-36.25,143.300003,Charlton,AU-VIC,,YCHL
YCHR,small_airport,Childra Airport,-31.700000762939453,134.83299255371094,,AU-SA,,YCHR
YCHT,small_airport,Charters Towers Airport,-20.0431,146.272995,,AU-QLD,YCHT,YCHT
YCIG,small_airport,Corrigin Airport,-32.337981,117.827425,,AU-WA,,YCIG
YCIN,medium_airport,RAAF Base Curtin,-17.581389,123.828333,Derby,AU-WA,YCIN,YCIN
YCJU,small_airport,Conjuboy Airport,-18.68515,144.748292,,AU-QLD,,YCJU
YCKA,small_airport,Curdimurka Airport,-29.476699829101562,137.08799743652344,,AU-SA,,YCKA
YCKD,small_airport,Clarke Island Airport,-40.518719,148.125929,Cape Barren Island,AU-TAS,,YCKD
YCKI,small_airport,Croker Island Airport,-11.165,132.483002,,AU-NT,YCKI,YCKI
YCKN,medium_airport,Cooktown Airport,-15.443649,145.183221,,AU-QLD,YCKN,YCKN
YCKY,small_airport,Cocklebiddy Airport,-32.042741,126.09122,,AU-WA,,YCKY
YCLA,small_airport,Clare Station Airport,-33.406898498535156,143.94000244140625,,AU-NSW,,YCLA
YCLB,small_airport,Claremont Airbase,-34.992641,138.927215,Brukunga,AU-SA,,YCLB
YCLE,small_airport,Callendale Airport,-37.24330139160156,140.44500732421875,,AU-SA,,YCLE
YCLG,small_airport,Coolgardie Airport,-30.89727,121.19502,Coolgardie,AU-WA,,YCLG
YCLM,small_airport,Collymongle Airport,-29.478408,148.78649,,AU-NSW,,YCLM
YCLQ,small_airport,Cape Leveque Airport,-16.401203,122.932148,Dampier Peninsula,AU-WA,,YCLQ
YCLT,small_airport,Collector Airport,-34.88330078125,149.41700744628906,,AU-NSW,,YCLT
YCLY,small_airport,Coleambally Airport,-34.802158,145.846664,,AU-NSW,,YCLY
YCMB,small_airport,Cambooya Airfield,-27.720048,151.873244,Cambooya,AU-QLD,,YCMB
YCMH,small_airport,Camden Haven Airport,-31.665000915527344,152.74200439453125,,AU-NSW,,YCMH
YCMK,small_airport,Camel Creek Airport,-18.857807,145.476481,,AU-QLD,,YCMK
YCMM,small_airport,Cummins Town Airport,-34.253133,135.709616,,AU-SA,,YCMM
YCMT,medium_airport,Clermont Airport,-22.7731,147.621002,,AU-QLD,YCMT,YCMT
YCMU,medium_airport,Cunnamulla Airport,-28.030000686645508,145.6219940185547,,AU-QLD,YCMU,YCMU
YCMW,small_airport,Camooweal Airport,-19.911699,138.125,,AU-QLD,YCMW,YCMW
YCNA,small_airport,Corona Station Airport,-31.290800094604492,141.45199584960938,,AU-NSW,,YCNA
YCNF,small_airport,Camp Nifty Airport,-21.6717,121.586998,,AU-WA,YCNF,YCNF
YCNG,small_airport,Cooranga Airport,-36.81999969482422,140.2729949951172,,AU-SA,,YCNG
YCNH,small_airport,Carnarmah Airport,-29.68374,115.893662,Carnarmah,AU-WA,,YCNH
YCNK,small_airport,Cessnock Airport,-32.787498,151.341995,,AU-NSW,YCNK,YCNK
YCNM,medium_airport,Coonamble Airport,-30.980946,148.377833,,AU-NSW,YCNM,YCNM
YCNN,small_airport,Coonana Airport,-31.016700744628906,123.16699981689453,,AU-WA,,YCNN
YCNO,small_airport,Conargo Airport,-35.313771,145.106214,,AU-NSW,,YCNO
YCNQ,small_airport,Coonawarra Airport,-37.277187,140.811759,,AU-SA,,YCNQ
YCNR,small_airport,Cann River Airport,-37.516700744628906,149.16700744628906,,AU-VIC,,YCNR
YCNS,small_airport,Coniston Airport,-22.13330078125,132.5330047607422,,AU-NT,,YCNS
YCNX,small_airport,Cooranga Airport,-29.095166,150.775822,,AU-NSW,,YCNX
YCNY,small_airport,Century Mine Airport,-18.759331,138.709651,,AU-QLD,,YCNY
YCOD,small_airport,Cordillo Downs Airport,-26.74530029296875,140.63800048828125,Cordillo Downs,AU-SA,YCOD,YCOD
YCOE,medium_airport,Coen Airport,-13.761133,143.113311,Coen,AU-QLD,YCOE,YCOE
YCOF,small_airport,Coffin Bay Airport,-34.589022,135.509115,Coffin Bay,AU-SA,,YCOF
YCOG,small_airport,Coongan Airport,-20.683300018310547,119.66699981689453,,AU-WA,,YCOG
YCOH,small_airport,Cohuna Airport,-35.826478,144.213812,,AU-VIC,,YCOH
YCOI,small_airport,Collie Airport,-33.3666992188,116.217002869,Collie,AU-WA,YCOI,YCOI
YCOL,small_airport,Coleraine Airport,-37.599998474121094,141.6999969482422,,AU-VIC,,YCOL
YCOM,medium_airport,Cooma Snowy Mountains Airport,-36.300445,148.972408,Cooma,AU-NSW,YCOM,YCOM
YCOO,small_airport,Cooinda Airport,-12.903300285339355,132.53199768066406,,AU-NT,YCOO,YCOO
YCOR,medium_airport,Corowa Airport,-35.994701,146.356995,,AU-NSW,YCOR,YCOR
YCOS,small_airport,Cosmo Newbery Airport,-27.985963,122.904853,Cosmo Newbery,AU-WA,,YCOS
YCOY,small_airport,Coral Bay Airport,-23.128851,113.780626,Lyndon,AU-WA,,YCOY
YCPD,small_airport,Cape Don Airport,-11.298299789428711,131.82699584960938,,AU-NT,,YCPD
YCPG,small_airport,Coppins Gap Airport,-20.950000762939453,120.03299713134766,,AU-WA,,YCPG
YCPH,small_airport,Copper Hills Airstrip,-27.94948,134.335818,Evelyn Downs,AU-SA,,YCPH
YCPK,small_airport,Coombing Park Airport,-33.62859,149.125737,Carcoar,AU-NSW,,YCPK
YCPN,small_airport,Carpentaria Downs Airport,-18.718481,144.313028,Carpentaria Downs,AU-QLD,,YCPN
YCPR,small_airport,Cape Preston Airport,-20.977222,116.275,Cape Preston,AU-WA,YCPR,YCPR
YCPT,small_airport,Carrapateena Airport,-31.30831,137.443396,Carrapateena mine,AU-SA,,YCPT
YCRA,small_airport,Carinda Airport,-30.45829963684082,147.70799255371094,,AU-NSW,,YCRA
YCRD,small_airport,Currandooley Airport,-35.184331,149.485688,Currandooley,AU-NSW,,YCRD
YCRE,small_airport,Cressy Aerodrome,-38.042585,143.650157,,AU-VIC,,YCRE
YCRG,medium_airport,Corryong Airport,-36.18280029296875,147.88800048828125,,AU-VIC,YCRG,YCRG
YCRK,small_airport,Christmas Creek Station Airport,-18.8728,125.934,Wangkat Jungka,AU-WA,,YCRK
YCRL,small_airport,Crookwell Airport,-34.499961,149.461377,Crookwell,AU-NSW,,YCRL
YCRN,small_airport,Cranbrook Airport,-34.279616,117.552545,,AU-WA,,Y06T
YCRO,heliport,Crown Towers Heliport,-31.962471,115.894915,,AU-WA,,YCRO
YCRT,small_airport,Carrieton Airport,-32.41669845581055,138.51699829101562,,AU-SA,,YCRT
YCRY,small_airport,Croydon Airport,-18.225000381469727,142.25799560546875,,AU-QLD,YCRY,YCRY
YCSI,small_airport,Cassilis Rotherw Airport,-32.002201080322266,149.96099853515625,,AU-NSW,,YCSI
YCSL,small_airport,Consuelo Airport,-24.652244,148.4697,,AU-QLD,,YCSL
YCSP,small_airport,Curtin Springs Airport,-25.333921,131.759308,,AU-NT,,YCSP
YCST,small_airport,Carcuma Airport,-35.628419,140.20473,Carcory Station,AU-SA,,YCST
YCSV,small_airport,Collinsville Airport,-20.59670066833496,147.86000061035156,,AU-QLD,YCSV,YCSV
YCTA,small_airport,Coolatai Airport,-29.14303,150.723093,,AU-NSW,,YCTA
YCTC,small_airport,Cotten Creek Airport,-22.818276,122.584792,Parnnguar,AU-WA,,YCTC
YCTH,small_airport,Chatsworth Airport,-21.966699600219727,140.3000030517578,,AU-QLD,,YCTH
YCTI,small_airport,Cockatoo Island Airport,-16.095918,123.610654,Kimbolton,AU-WA,,YCTI
YCTM,medium_airport,Cootamundra Airport,-34.624283,148.036641,,AU-NSW,YCTM,YCTM
YCTN,small_airport,Casterton Airport,-37.613335,141.361664,,AU-VIC,,YCTN
YCTS,small_airport,Calton Hills Airport,-20.13330078125,139.41700744628906,,AU-QLD,,YCTS
YCUA,small_airport,Cudal Airport,-33.278026,148.768708,,AU-NSW,YCUA,YCUA
YCUD,small_airport,Cuddapan Airport,-25.59000015258789,141.50799560546875,,AU-QLD,,YCUD
YCUE,small_airport,Cue Airport,-27.450663,117.917703,,AU-WA,YCUE,YCUE
YCUN,small_airport,Cunderdin Airport,-31.622222,117.216667,,AU-WA,,YCUN
YCUR,small_airport,Cabramurra Airport,-35.92688751220703,148.39254760742188,Cabramurra Township,AU-NSW,,YCUR
YCUS,small_airport,Cummins Airport,-34.215147,135.634455,,AU-SA,,YCUS
YCUT,small_airport,Cuthero Airport,-32.959355,142.055554,,AU-NSW,,YCUT
YCVA,small_airport,Clare Valley Aerodrome,-33.710292,138.584916,Clare,AU-SA,,YCVA
YCVB,heliport,St Vincents - Victoria Barracks Helipad,-33.88525,151.22343,Sydney,AU-NSW,,YCVB
YCVG,small_airport,Calvin Grove Airport,-34.692333,138.580899,,AU-SA,,YCVG
YCVS,small_airport,Cervantes Airport,-30.48538,115.085642,,AU-WA,,YCVS
YCWA,small_airport,Coondewanna Airport,-22.966667,118.813333,Coondewanna,AU-WA,YCWA,YCWA
YCWE,small_airport,Cape Wessels Airport,-11.003162,136.759367,,AU-NT,,YCWE
YCWH,small_airport,Commonwealth Hill Airport,-29.957231,134.151789,,AU-SA,,YCWH
YCWI,small_airport,Cowarie Airport,-27.711700439453125,138.3280029296875,,AU-SA,YCWI,YCWI
YCWL,small_airport,Cowell Airport,-33.666698,136.891998,,AU-SA,YCWL,YCWL
YCWN,small_airport,Corowa Downs Airport,-26.466699600219727,143.35000610351562,,AU-QLD,,YCWN
YCWO,small_airport,Chatsworth Airport,-37.852763,142.620993,,AU-VIC,,YCWO
YCWR,medium_airport,Cowra Airport,-33.846894,148.648007,,AU-NSW,YCWR,YCWR
YCWW,small_airport,Canowindra Airport,-33.54280090332031,148.66299438476562,,AU-NSW,,YCWW
YCWY,small_airport,Coolawanyah Airport,-21.7946,117.755,Coolawanyah Station,AU-WA,YCWY,YCWY
YCXA,small_airport,Cooloola Village Airpark,-25.977335,153.003759,,AU-QLD,,YCXA
YCYT,small_airport,Crystal Brook Airport,-17.38330078125,144.4499969482422,,AU-QLD,,YCYT
YDAG,small_airport,Dagworth Airport,-17.940673,143.594985,,AU-QLD,,YDAG
YDAJ,small_airport,Dajarra Airport,-21.70829963684082,139.5330047607422,,AU-QLD,,YDAJ
YDAL,small_airport,Dallas Airport,-34.56669998168945,146.18299865722656,,AU-NSW,,YDAL
YDAR,small_airport,Darlington Airport,-42.571856,148.070726,Runnymede,AU-TAS,,YDAR
YDAY,small_airport,Dalby Airport,-27.158476,151.263428,,AU-QLD,YDAY,YDAY
YDBI,medium_airport,Dirranbandi Airport,-28.587912,148.217161,,AU-QLD,YDBI,YDBI
YDBR,small_airport,Dunbar Airport,-16.047394,142.394415,Maramie,AU-QLD,YDBR,YDBR
YDBY,medium_airport,Derby Airport,-17.37193,123.66221,Derby,AU-WA,YDBY,YDBY
YDDF,small_airport,Drumduff Airport,-16.052124,143.013339,Palmer,AU-QLD,,YDDF
YDDI,heliport,Daydream Island Helipad,-20.2603,148.8136,Whitsundays,AU-QLD,,YDDI
YDDY,small_airport,Douglas Daly Airstrip,-13.835278,131.185963,,AU-NT,,YDDY
YDEA,small_airport,Delara Airfield,-13.66875,134.2911,Bulman,AU-NT,,YDEA
YDEG,small_airport,Delegate Airport,-37.0614013671875,148.94200134277344,,AU-NSW,,YDEG
YDEK,small_airport,Denmark Airport,-34.94499969482422,117.39700317382812,Denmark,AU-WA,,YDEK
YDER,small_airport,Derrinallum Airport,-37.934166666699994,143.227777778,,AU-VIC,,YDER
YDEV,small_airport,Devoncourt Airport,-21.216699600219727,140.23300170898438,,AU-QLD,,YDEV
YDFD,small_airport,Dexfield Park,-31.42166667,152.75833333,Wauchope,AU-NSW,,YDFD
YDGA,small_airport,Dalgaranga Gold Mine Airport,-27.829722,117.316389,,AU-WA,YDGA,YDGA
YDGI,small_airport,Dullingari Airport,-28.13330078125,140.8820037841797,,AU-SA,,YDGI
YDGN,small_airport,Doongan Airport,-15.386429,126.302235,Drysdale River,AU-WA,,YDGN
YDGR,small_airport,Dalgaranga Airport,-27.791440356099997,116.993322372,,AU-WA,,YDGR
YDGT,small_airport,Dalgety Downs Station Airport,-25.267532,116.221396,,AU-WA,,YDGT
YDGU,small_airport,DeGrussa Airport,-25.558384,119.287534,,AU-WA,,YDGU
YDGY,small_airport,De Grey Homestead Airport,-20.18168,119.1978,De Grey,AU-WA,,YDGY
YDHL,small_airport,Dhalinbuy Airport,-12.413043,136.38664,,AU-NT,,YDHL
YDIM,small_airport,Dimbulah Airport,-17.128651,145.09577,,AU-QLD,,YDIM
YDIX,small_airport,Dixie Airport,-15.1174944348,143.316049576,New Dixie,AU-QLD,YDIX,YDIX
YDKI,small_airport,Dunk Island Airport,-17.93913,146.141447,Dunk Island,AU-QLD,YDKI,YDKI
YDLC,small_airport,Dulacca Airport,-26.642113,149.730016,,AU-QLD,,YDLC
YDLD,small_airport,Delmore Downs Airport,-22.458599090576172,134.88400268554688,,AU-NT,,YDLD
YDLH,small_airport,[Duplicate] Dalhousie Airport,-26.423045,135.509276,,AU-SA,,YDLH
YDLK,small_airport,Dulkaninna Airport,-29.0132999420166,138.4810028076172,Dulkaninna,AU-SA,YDLK,YDLK
YDLL,small_airport,Dunolly Airport,-36.849998474121094,143.6999969482422,,AU-VIC,,YDLL
YDLO,small_airport,Darlot Airport,-27.873611,121.271666,,AU-WA,,YDLO
YDLQ,medium_airport,Deniliquin Airport,-35.5593986511,144.945999146,Deniliquin,AU-NSW,YDLQ,YDLQ
YDLT,small_airport,Delta Downs Airport,-16.99169921875,141.31700134277344,,AU-QLD,YDLT,YDLT
YDLV,small_airport,Delissaville Airport,-12.550000190734863,130.68499755859375,,AU-NT,YDLV,YDLV
YDLW,small_airport,Daly Waters Airport,-16.264695066399998,133.383378983,Daly Waters,AU-NT,,YDLW
YDME,small_airport,Mount Dimer Airport,-30.40169906616211,119.83000183105469,,AU-WA,,YDME
YDMF,small_airport,Diemal Find Airport,-29.667416,119.292213,,AU-WA,,YDMF
YDMG,small_airport,Doomadgee Airport,-17.9403,138.822006,,AU-QLD,YDMG,YDMG
YDMN,small_airport,Daly River Airport,-13.749806,130.693878,Nauiyu,AU-NT,,YDMN
YDMR,small_airport,Delamere Station Airport,-15.619999885559082,131.63699340820312,,AU-NT,,YDMR
YDNB,small_airport,Doongmabulla Airport,-22.065948,146.244063,,AU-QLD,,YDNB
YDNI,small_airport,Darnley Island Airport,-9.579176,143.780276,Darnley Island,AU-QLD,YDNI,YDNI
YDNK,small_airport,Darnick Airport,-32.88330078125,143.58299255371094,,AU-NSW,,YDNK
YDNR,small_airport,Dunmore Manila Airport,-30.658100128173828,150.875,,AU-NSW,,YDNR
YDNV,small_airport,Dynevor Downs Airport,-28.094095,144.364986,,AU-QLD,,YDNV
YDOC,small_airport,Dochra Airfield,-32.650065,151.209003,Singleton,AU-NSW,,YDOC
YDOD,small_airport,Donald Airport,-36.360298,143.007996,,AU-VIC,,YDOD
YDON,small_airport,Dowerin Airport,-31.169831,117.046988,,AU-WA,,YDON
YDOO,small_airport,Donors Hill Airport,-18.708776,140.553846,,AU-QLD,,YDOO
YDOP,small_airport,Donnington Airpark,-19.602078,146.843204,Donnington,AU-QLD,,YDOP
YDOR,small_airport,Dorunda Airport,-16.5537,141.8238,Dorunda Outstation,AU-QLD,YDOR,YDOR
YDPD,small_airport,Davenport Downs Airport,-24.149999618530273,141.10800170898438,,AU-QLD,YDPD,YDPD
YDPO,medium_airport,Devonport Airport,-41.1697006226,146.429992676,Devonport,AU-TAS,YDPO,YDPO
YDPR,small_airport,Dneiper Airport,-22.61669921875,135.1999969482422,,AU-NT,,YDPR
YDPS,small_airport,Depot Springs Airport,-27.88330078125,120.08300018310547,,AU-WA,,YDPS
YDPT,small_airport,Depot Outcamp Airport,-31.572200775146484,125.18699645996094,,AU-WA,,YDPT
YDPW,small_airport,Deep Well Airport,-24.297968,134.143261,,AU-NT,,YDPW
YDRA,small_airport,Dongara Airport,-29.298128,114.927334,Port Denison,AU-WA,YDRA,YDRA
YDRC,small_airport,Dairy Creek Homestead Airport,-25.268972,115.867391,,AU-WA,,YDRC
YDRD,small_airport,Drysdale River Airport,-15.71357,126.381097,Drysdale River,AU-WA,YDRD,YDRD
YDRG,small_airport,Duaringa Airstrip,-23.7372,149.6647,Duaringa,AU-QLD,,YDRG
YDRH,small_airport,Durham Downs Airport,-27.075000762939453,141.89999389648438,,AU-QLD,YDRH,YDRH
YDRI,small_airport,Durrie Airport,-25.684999465942383,140.22799682617188,,AU-QLD,YDRI,YDRI
YDRL,small_airport,De Rose Hill Airport,-26.435838,133.259954,De Rose Hill,AU-SA,,YDRL
YDRN,small_airport,Drouin Airport,-38.208972,145.831097,Drouin,AU-VIC,,YDRN
YDUK,small_airport,Duketon Airport,-27.977972,122.295545,Bandya,AU-WA,,YDUK
YDUM,small_airport,Dumbleyung Airport,-33.33330154418945,117.75,,AU-WA,,YDUM
YDUN,small_airport,Dunwich Airport,-27.519005,153.427618,North Stradbroke Island,AU-QLD,,YDUN
YDVE,small_airport,Dale River Airport,-32.28329849243164,116.55000305175781,,AU-WA,,YDVE
YDVR,small_airport,Docker River Airport,-24.859533,129.122209,Kaltukatjara,AU-NT,YDVR,YDVR
YDWF,small_airport,Delamere Range Facility Airport,-15.746700286865234,131.9199981689453,,AU-NT,,YDWF
YDWU,small_airport,Dalwallinu Airport,-30.199814,116.655364,,AU-WA,,YDWU
YDYD,small_airport,Derry Downs Airport,-22.08329963684082,135.33299255371094,,AU-NT,,YDYD
YDYS,medium_airport,Dysart Airport,-22.6222,148.363998,,AU-QLD,YDYS,YDYS
YEAB,small_airport,Euabalong Airport,-33.137268,146.424494,,AU-NSW,,YEAB
YEAT,small_airport,Yea Airport,-37.21580123901367,146.42999267578125,,AU-VIC,,YEAT
YECB,small_airport,Eco Beach Airport,-18.323333,122.128056,Broome,AU-WA,,YECB
YECH,medium_airport,Echuca Airport,-36.15719985961914,144.76199340820312,,AU-VIC,YECH,YECH
YECL,small_airport,Eucla Airport,-31.707084,128.877243,,AU-WA,YECL,YECL
YEDA,small_airport,Etadunna Airport,-28.740801,138.589005,Etadunna,AU-SA,YEDA,YEDA
YEDE,small_airport,Edenhope Airport,-37.020219,141.266889,,AU-VIC,,YEDE
YEDM,small_airport,Edmund Station Airport,-23.75,116.0999984741211,,AU-WA,,YEDM
YEEB,small_airport,Eneabba Airport,-29.832500457763672,115.24600219726562,Eneabba,AU-WA,YEEB,YEEB
YEES,small_airport,Elderslie Airport,-32.599700927734375,151.33999633789062,,AU-NSW,,YEES
YEGA,small_airport,Engonnia Airport,-29.311175,145.857475,,AU-NSW,,YEGA
YEHP,heliport,Erina Heliport,-33.440688,151.368704,Erina,AU-NSW,,YEHP
YEIN,small_airport,Einasleigh Airport,-18.503299713100002,144.093994141,Einasleigh,AU-QLD,,YEIN
YEJI,small_airport,East Jaurdi Airport,-30.7695,120.312,,AU-WA,,YEJI
YELD,medium_airport,Elcho Island Airport,-12.019399642899998,135.570999146,Elcho Island,AU-NT,YELD,YELD
YELE,small_airport,Belele Airport,-26.367431,118.039175,,AU-WA,,YELE
YELG,small_airport,Elengerah Airport,-31.865877,147.978008,,AU-NSW,,YELG
YELK,small_airport,Elkedra Airport,-21.172500610399997,135.444000244,,AU-NT,,YELK
YELL,small_airport,Elliott Airport,-17.527429580688477,133.52989196777344,Elliott,AU-NT,,YELL
YELM,small_airport,Elmore Airport,-36.4901793786,144.647197723,,AU-VIC,,YELM
YELN,small_airport,Elliston Airport,-33.638302,134.899994,Elliston,AU-SA,,YELN
YELS,small_airport,Baddaginnie (Earlston) Airport,-36.551196,145.805061,Violet Town,AU-VIC,,YELS
YELW,small_airport,Eildon Weir Airport,-37.20830154418945,145.83299255371094,,AU-VIC,,YELW
YEMG,small_airport,Eromanga Airport,-26.7000007629,143.266998291,,AU-QLD,,YEMG
YEMJ,small_airport,Emu Junction Airport,-28.63330078125,132.18299865722656,,AU-SA,,YEMJ
YEML,medium_airport,Emerald Airport,-23.5674991608,148.179000854,Emerald,AU-QLD,YEML,YEML
YEMP,small_airport,Emu Park Authorised Landing Area,-23.255188,150.81439,Emu Park,AU-QLD,,YEMP
YENO,heliport,Enoggera Barracks,-27.427531,152.971571,Enoggera,AU-QLD,,YENO
YEPL,small_airport,Epsilon Airport,-28.294707,141.197743,,AU-QLD,,YEPL
YEPR,small_airport,Epenarra Airport,-20.433300018310547,135.26699829101562,,AU-NT,,YEPR
YEPT,small_airport,Emu Point Airstrip,-14.172778,130.319717,,AU-NT,,YEPT
YEQO,small_airport,El Questro Airport,-16.00830078125,127.9749984741211,,AU-WA,,YEQO
YERA,small_airport,Errabiddy Homestead Airport,-25.5,117.16699981689453,,AU-WA,,YERA
YERH,small_airport,Earaheedy Airport,-25.617558,121.578445,,AU-WA,,YERH
YERL,small_airport,Erldunda Airport,-25.206106,133.254161,Ghan,AU-NT,,YERL
YERN,small_airport,Ernabella Airport,-26.2632999420166,132.1820068359375,,AU-SA,YERN,YERN
YERO,small_airport,Erong Station Airport,-25.560305,116.660172,,AU-WA,,YERO
YERU,small_airport,Erudina Airport,-31.434499740600586,139.4250030517578,,AU-SA,,YERU
YESC,small_airport,Escott Airport,-17.725000381469727,139.41700744628906,,AU-QLD,,YESC
YESE,small_airport,Elrose Airport,-20.9764,141.0066,Elrose Mine,AU-QLD,YESE,YESE
YESP,medium_airport,Esperance Airport,-33.684399,121.822998,Esperance,AU-WA,YESP,YESP
YETT,small_airport,North Gregory/Elliott Field,-25.050278,152.221111,Bundaberg,AU-QLD,,YETT
YEUA,small_airport,Euroa Aerodrome,-36.743703,145.512697,Euroa,AU-VIC,,YEUA
YEUD,small_airport,Eudamulla Station Airport,-24.443452,115.609769,,AU-WA,,YEUD
YEUL,small_airport,Eulalia Airport,-31.031573,148.175815,,AU-NSW,,YEUL
YEUO,small_airport,Eulo Airport,-28.16670036315918,145.04200744628906,,AU-QLD,,YEUO
YEVA,small_airport,Eva Downs Airport,-18.0009994507,134.863006592,Eva Downs,AU-NT,,YEVA
YEVD,small_airport,Evans Head Aerodrome,-29.101786,153.419255,,AU-NSW,YEVD,YEVD
YEVP,small_airport,Everard Park Airport,-27.038988,132.688585,Mimili,AU-SA,,YEVP
YEWA,medium_airport,Eliwana,-22.428395,116.887879,,AU-WA,,YEWA
YEWO,small_airport,Brewon Airport,-30.235407,147.516956,Carinda,AU-NSW,,YEWO
YEXM,small_airport,Exmouth Airport,-22.040677,114.102663,Exmouth,AU-WA,YEXM,YEXM
YEYD,small_airport,Evelyn Downs Airport,-28.204700469970703,134.48800659179688,,AU-SA,,YEYD
YFBS,medium_airport,Forbes Airport,-33.363602,147.934998,Forbes,AU-NSW,YFBS,YFBS
YFCK,small_airport,Fish Creek Airport,-38.708603,146.054399,Fish Creek,AU-VIC,,YFCK
YFCN,small_airport,Fort Constantine Airport,-20.482035,140.579354,Cloncurry,AU-QLD,YFCN,YFCN
YFCU,small_airport,Fortescue River Airport,-21.299999237060547,116.13300323486328,,AU-WA,,YFCU
YFDF,small_airport,Fortescue - Dave Forrest Aerodrome,-22.290754,119.437143,Cloudbreak Village,AU-WA,YFDF,YFDF
YFDN,small_airport,Federation Hsd Airport,-35.01169967651367,147.37399291992188,,AU-NSW,,YFDN
YFFT,small_airport,Farrell Flat Airport,-33.846753,138.777419,,AU-SA,,YFFT
YFHA,small_airport,Finch Hatton Airfield,-21.140833,148.648611,Finch Hatton,AU-QLD,YFHA,YFHA
YFHO,heliport,Fairfield Hospital Helipad,-33.859012,150.905447,Fairfield,AU-NSW,,YFHO
YFIL,small_airport,Finley Airport,-35.658918,145.561214,,AU-NSW,YFIL,YFIL
YFLI,small_airport,Flinders Island Airport,-40.091702,147.992996,Whitemark,AU-TAS,YFLI,YFLI
YFLO,small_airport,Flora Valley Airport,-18.297844,128.455897,,AU-WA,YFLO,YFLO
YFLS,small_airport,Flinders Island Airport,-33.730989,134.501,,AU-SA,,YFLS
YFNE,small_airport,Finke Airport,-25.5946998596,134.582992554,Finke,AU-NT,YFNE,YFNE
YFOR,small_airport,Fortnum Airport,-25.33329963684082,118.36699676513672,,AU-WA,,YFOR
YFRD,small_airport,Frome Downs Airport,-31.216699600219727,139.75,,AU-SA,,YFRD
YFRG,small_airport,Fregon Airport,-26.774999618530273,132.01699829101562,,AU-SA,,YFRG
YFRI,small_airport,Friendly Beaches Airport,-42,148.25900268554688,,AU-TAS,,YFRI
YFRK,small_airport,Frankland Airport,-34.424752,117.026281,Frankland River,AU-WA,,YFRK
YFRT,medium_airport,Forrest Airport,-30.83662,128.112811,,AU-WA,YFRT,YFRT
YFRV,small_airport,Oombulgurri Airport,-15.1647,127.8401,Oombulgurri,AU-WA,YFRV,YFRV
YFSA,small_airport,Forsayth Airport,-18.58658,143.565903,,AU-QLD,,YFSA
YFSK,small_airport,Fiskville Airport,-37.6781143165,144.220790863,Fiskville,AU-VIC,,YFSK
YFST,small_airport,Forster (Wallis Is) Airport,-32.202489,152.481136,,AU-NSW,YFST,YFST
YFTA,small_airport,Forrestania Airport,-32.580002,119.703003,,AU-WA,,YFTA
YFTL,heliport,Fremantle Heliport,-32.045149,115.733022,Fremantle,AU-WA,,YFTL
YFTN,small_airport,Mount Fitton Talc Airport,-29.90920066833496,139.4739990234375,,AU-SA,,YFTN
YFTZ,medium_airport,Fitzroy Crossing Airport,-18.183596,125.559783,,AU-WA,YFTZ,YFTZ
YFVW,small_airport,Fairview Airport,-32.790693,148.723778,,AU-NSW,,YFVW
YFWY,small_airport,Faraway Bay Airport,-13.980799674987793,127.18099975585938,,AU-WA,,YFWY
YGAD,small_airport,HMAS Stirling Military Airport,-32.240778,115.685096,Garden Island,AU-WA,,YGAD
YGAH,small_airport,Greenbah Airport,-30.12582778930664,149.4345703125,,AU-NSW,,YGAH
YGAM,small_airport,Gamboola Airport,-16.54412,143.668155,Gamboola,AU-QLD,YGAM,YGAM
YGAN,small_airport,Gan Gan Airport,-13.047853,135.952914,Gan Gan,AU-NT,,YGAN
YGAR,small_airport,Gnaraloo Station Airport,-23.79155,113.528938,MacLeod,AU-WA,,YGAR
YGAS,small_airport,Gatton Airpark,-27.589508,152.257032,Gatton,AU-QLD,,YGAS
YGAW,small_airport,Gawler Airport,-34.599934,138.719055,,AU-SA,,YGAW
YGAY,small_airport,Gayndah Airport,-25.615939,151.62055,Gayndah,AU-QLD,YGAY,YGAY
YGBI,small_airport,South Goulburn Is Airport,-11.65,133.382004,,AU-NT,YGBI,YGBI
YGBO,small_airport,Gabo Island Airport,-37.565913,149.91114,Mallacoota,AU-VIC,,YGBO
YGBW,small_airport,Gunbower Airport,-35.966675,144.381509,,AU-VIC,,YGBW
YGCL,heliport,Gold Coast Life Saver Base,-28.00345,153.3626,Carrara Gold Coast,AU-QLD,,YCAX
YGCR,small_airport,Gloucester Airport,-32.053261,151.97613,,AU-NSW,,YGCR
YGDA,small_airport,Goodooga Airport,-29.074493,147.387021,,AU-NSW,,YGDA
YGDH,medium_airport,Gunnedah Airport,-30.957511,150.248981,,AU-NSW,YGDH,YGDH
YGDI,small_airport,Goondiwindi Airport,-28.5214,150.320007,,AU-QLD,YGDI,YGDI
YGDN,small_airport,Gordon Downs Airport,-18.6781005859375,128.5919952392578,Gordon Downs,AU-WA,YGDN,YGDN
YGDO,small_airport,Gundaroo Airport,-35.0505,149.2559,,AU-NSW,YGDO,YGDO
YGDR,small_airport,The Garden Airport,-23.286699295043945,134.44000244140625,,AU-NT,,YGDR
YGDS,small_airport,Gregory Downs Airport,-18.625,139.23300170898438,,AU-QLD,YGDS,YGDS
YGDV,small_airport,Galdeville Airport,-20.249334,142.4393,,AU-QLD,,YGDV
YGDW,small_airport,Granite Downs Airport,-26.948299,133.606995,,AU-SA,,YGDW
YGEL,medium_airport,Geraldton Airport,-28.796101,114.707001,Moonyoonooka,AU-WA,YGEL,YGEL
YGEN,small_airport,The Glen Airfield,-22.822049,150.332724,Byfield,AU-QLD,,YGEN
YGFN,medium_airport,Clarence Valley Regional Airport,-29.754795,153.031234,Grafton,AU-NSW,YGFN,YGFN
YGGE,small_airport,Golden Grove Airport,-28.764898,116.972656,,AU-WA,,YGGE
YGGI,small_airport,Goolgowi Airport,-33.996397,145.716169,,AU-NSW,,YGGI
YGGL,small_airport,Glen Garland Airport,-14.866700172424316,143.2830047607422,,AU-QLD,,YGGL
YGGO,small_airport,Goonoo Goonoo Airport,-31.298701,150.920613,,AU-NSW,,YGGO
YGGS,small_airport,Gregory Springs Airport,-19.710002,144.372999,,AU-QLD,,YGGS
YGHP,heliport,Glenample Heliport,-38.660356,143.105948,Princetown,AU-VIC,,YGHP
YGHS,small_airport,Gnaraloo Homestead Airfield,-23.825748,113.530505,MacLeod,AU-WA,,YGHS
YGHT,heliport,Mirage Helipad,-27.969441,153.423793,Gold Coast,AU-QLD,,YGHT
YGIA,small_airport,Ginbata Airport,-22.5812,120.03553,Ginbata,AU-WA,YGIA,YGIA
YGIB,small_airport,Gibb River Airport,-16.418661,126.445685,Gibb,AU-WA,YGIB,YGIB
YGID,small_airport,Gidgee Airport,-27.270000457763672,119.40499877929688,,AU-WA,,YGID
YGIF,small_airport,Gifford Creek Station Airport,-24.049999237060547,116.21700286865234,,AU-WA,,YGIF
YGIG,small_airport,RAAF Gingin,-31.465299606323242,115.86299896240234,,AU-WA,,YGIG
YGIL,small_airport,Gilgandra Airport,-31.697099,148.636458,,AU-NSW,,YGIL
YGIR,small_airport,Giralia Airport,-22.679977,114.371088,Exmouth Gulf,AU-WA,,YGIR
YGIS,heliport,Gisborne Helipad,-37.484153,144.585626,Gisborne,AU-VIC,,YGIS
YGKL,small_airport,Great Keppel Is Airport,-23.184575,150.94164,Great Keppel Island,AU-QLD,YGKL,YGKL
YGLA,medium_airport,Gladstone Airport,-23.869763,151.225439,Gladstone,AU-QLD,YGLA,YGLA
YGLB,medium_airport,Goulburn Airport,-34.810298919677734,149.7259979248047,,AU-NSW,YGLB,YGLB
YGLD,small_airport,Glendambo Airport,-30.981583,135.777744,Glendambo,AU-SA,,YGLD
YGLE,small_airport,Glengyle Airport,-24.808300018310547,139.60000610351562,,AU-QLD,YGLE,YGLE
YGLI,medium_airport,Glen Innes Airport,-29.676029,151.691156,Glen Innes,AU-NSW,YGLI,YGLI
YGLK,heliport,Glenbrook NPWS Heliport,-33.7876,150.6085,Glenbrook National Parks & Wildlife Service,AU-NSW,,YGLK
YGLN,small_airport,Glencoe Airport,-31.620644,148.19885,Collie,AU-NSW,YGLN,YGLN
YGLO,small_airport,Glenormiston Airport,-22.8883,138.824997,,AU-QLD,YGLO,YGLO
YGLP,small_airport,Gallipolli Airport,-19.14181,137.87412,Nicholson,AU-NT,,YGLP
YGLS,small_airport,Giles Airport,-25.043699,128.296005,Warakurna,AU-WA,,YGLS
YGLY,small_airport,Glenayle Homestead Airport,-25.283300399780273,122.05000305175781,,AU-WA,,YGLY
YGMD,small_airport,Goomadeer Airport,-12.100000381469727,133.66700744628906,,AU-NT,,YGMD
YGMP,small_airport,Grampians Airport,-37.048346,142.270367,,AU-VIC,,YGMP
YGMT,small_airport,Greenmount ALA,-27.763556,151.925495,Greenmount,AU-QLD,,YGMT
YGNA,small_airport,Granada Airport,-20.100000381469727,140.36700439453125,,AU-QLD,,YGNA
YGNB,heliport,RAAF Base Glenbrook,-33.761633,150.636255,Glenbrook,AU-NSW,,YGNB
YGNE,small_airport,Gnarwarre Airstrip,-38.165,144.1075,,AU-VIC,,YGNE
YGNF,small_airport,Grenfell Airport,-34,148.132995605,Grenfell,AU-NSW,,YGNF
YGNI,heliport,Green Island Helipad,-16.760347,145.971931,Cairns,AU-QLD,,YGNI
YGNO,small_airport,Goonoo Feedlot Airstrip,-23.758098,148.53595,,AU-QLD,,YGNO
YGNR,small_airport,Glenore Airport,-18.476554,141.113659,Glenore,AU-QLD,,YGNR
YGNV,small_airport,Greenvale Airport,-18.9966,145.0136,,AU-QLD,YGNV,YGNV
YGNW,small_airport,Gnowangerup Airport,-33.978316,118.012819,,AU-WA,,YGNW
YGOM,small_airport,Goomalling Airport,-31.359895,116.891291,,AU-WA,,YGOM
YGON,small_airport,Mount Gordon Airport,-19.77265,139.40425,Mount Gordon Mine,AU-QLD,YGON,YGON
YGPI,small_airport,Giles Point Airport,-23.290523,119.148223,,AU-WA,,YGPI
YGPR,small_airport,Gunpowder Airport,-19.700000762939453,139.36700439453125,,AU-QLD,,YGPR
YGPT,medium_airport,Garden Point Airport,-11.399686,130.425568,Pirlangimpi,AU-NT,YGPT,YGPT
YGRL,small_airport,Great Lakes Vi Airport,-37.842201,148,,AU-VIC,,YGRL
YGRU,small_airport,Glen Ruth Airport,-18.08329963684082,145.39999389648438,,AU-QLD,,YGRU
YGSC,small_airport,Gascoyne Junction Airport,-25.0546,115.2026,Gascoyne Junction,AU-WA,YGSC,YGSC
YGSD,small_airport,Greenside Airstrip,-31.52384,115.940439,Muchea,AU-WA,,YGSD
YGSN,small_airport,Mount Gibson Airstrip,-29.60682,117.401812,,AU-WA,,YGSN
YGTC,small_airport,Gemtree Caravan Park Airstrip,-22.970918,134.247387,Anmatjere,AU-NT,,YGTC
YGTE,medium_airport,Groote Eylandt Airport,-13.972405,136.458553,Groote Eylandt,AU-NT,YGTE,YGTE
YGTH,medium_airport,Griffith Airport,-34.2508010864,146.067001343,Griffith,AU-NSW,YGTH,YGTH
YGTN,small_airport,Georgetown Airport,-18.302676,143.530925,Georgetown,AU-QLD,YGTN,YGTN
YGTO,small_airport,George Town Airport,-41.079491,146.839061,George Town,AU-TAS,YGTO,YGTO
YGUL,small_airport,Gullewa Airport,-28.646236,116.310158,,AU-WA,,YGUL
YGUW,small_airport,Gunnawarra Airport,-17.950000762939453,145.16700744628906,,AU-QLD,,YGUW
YGVE,small_airport,Glendevie Airport,-43.231595,147.000182,,AU-TAS,,YGVE
YGWA,small_airport,Goolwa Airport,-35.480085,138.744267,Goolwa,AU-SA,,YGWA
YGWD,small_airport,Galway Downs Airport,-25.188049,142.688777,,AU-QLD,,YGWD
YGYM,small_airport,Gympie Airport,-26.290149,152.702998,,AU-QLD,YGYM,YGYM
YHAA,small_airport,Haasts Bluff Airport,-23.454999923706,131.85299682617,,AU-NT,,YHAA
YHAB,small_airport,Hideaway Bay Airport,-20.103896,148.445892,,AU-QLD,,YHAB
YHAE,small_airport,Harden Airport,-34.562798,148.392687,,AU-NSW,,YHAE
YHAG,small_airport,Haig Airport,-31.006449,126.077728,,AU-WA,,YHAG
YHAW,small_airport,Wilpena Pound Airport,-31.855907,138.468079,Hawker,AU-SA,YHAW,YHAW
YHAY,medium_airport,Hay Airport,-34.531399,144.830002,,AU-NSW,YHAY,YHAY
YHBA,medium_airport,Hervey Bay Airport,-25.320127,152.880662,Hervey Bay,AU-QLD,YHBA,YHBA
YHBK,small_airport,Holbrook Airport,-35.680142,147.322418,Holbrook,AU-NSW,,YHBK
YHBR,small_airport,Humbert River Airport,-16.489669799804688,130.63027954101562,,AU-NT,YHBR,YHBR
YHBY,small_airport,Henbury Airport,-24.584,133.236,Ghan,AU-NT,YHBY,YHBY
YHCS,small_airport,Herbertvale Cattleyard Airport,-18.958611,138.062222,,AU-QLD,,YHCS
YHCT,small_airport,Heathcote Emergency Airport,-31.240299224853516,151.4320068359375,,AU-NSW,,YHCT
YHDD,small_airport,Hodgson Downs Airport,-15.219347,134.071237,,AU-NT,,YHDD
YHDY,small_airport,Headingly Airport,-21.33329963684082,138.2830047607422,,AU-QLD,YHDY,YHDY
YHEC,small_airport,Heck Field Airport,-27.7675,153.339444,,AU-QLD,,YHEC
YHEG,small_airport,Hells Gate Airport,-17.455555,138.348899,,AU-QLD,,YHEG
YHEW,small_airport,Hedlow Airport,-23.221954,150.603139,Mulara,AU-QLD,,YHEW
YHGR,small_airport,Hugh River Airport,-24.449255,133.708732,,AU-NT,,YHGR
YHGS,small_airport,Hughes Siding Airport,-30.716622,129.50808,,AU-SA,,YHGS
YHHY,small_airport,Highbury Airport,-16.424148,143.14534,Highbury,AU-QLD,YHHY,YHHY
YHID,medium_airport,Horn Island Airport,-10.585636,142.29277,Horn,AU-QLD,YHID,YHID
YHIL,small_airport,Hillside Airport,-21.718283,119.440334,Hillside,AU-WA,YHIL,YHIL
YHKT,small_airport,Huckitta Airport,-22.943300247192383,135.44700622558594,,AU-NT,,YHKT
YHLC,medium_airport,Halls Creek Airport,-18.2339,127.669998,,AU-WA,YHLC,YHLC
YHLG,small_airport,Hillgrove Airport,-19.642499923706055,145.7969970703125,,AU-QLD,,YHLG
YHLM,small_airport,Hillman Farm Airport,-33.263882,116.819448,Darkan,AU-WA,,YHLM
YHLN,small_airport,Helen Springs Airstrip,-18.438942,133.878407,,AU-NT,,YHLN
YHLS,small_airport,Hillston Airport,-33.49330139160156,145.5229949951172,,AU-NSW,,YHLS
YHMB,small_airport,Hermannsburg Airport,-23.926485,132.807798,Hermannsburg (Ntaria),AU-NT,YHMB,YHMB
YHMH,heliport,Hillary's Marina Helipad,-31.824805,115.734465,,AU-WA,,YHMH
YHML,medium_airport,Hamilton Airport,-37.64889907836914,142.06500244140625,,AU-VIC,YHML,YHML
YHMT,small_airport,Hamilton Airport,-26.719999313354492,135.072998046875,,AU-SA,,YHMT
YHOA,small_airport,Howard Island Airport,-12.095000267028809,135.36199951171875,,AU-NT,,YHOA
YHON,small_airport,Honeymoon Airport,-31.753633,140.664992,Honeymoon Uranium Mine,AU-SA,,YHON
YHOO,small_airport,Hooker Creek Airport,-18.3367004395,130.638000488,Lajamanu,AU-NT,YHOO,YHOO
YHOT,medium_airport,Mount Hotham Airport,-37.0475006104,147.333999634,Mount Hotham,AU-VIC,YHOT,YHOT
YHOV,small_airport,Hodgeson River Airfield,-15.54594,134.0956,Hodgeson River,AU-NT,,YHOV
YHOY,small_airport,Hollins Bay Airport,-22.273807,150.040326,,AU-QLD,,YHOY
YHPB,heliport,Happy Bay Helipad,-20.3358,148.8525,Long Island,AU-QLD,,YHPB
YHPE,small_airport,Hopetoun Airport,-33.900001525878906,120.15799713134766,,AU-WA,,YHPE
YHPN,medium_airport,Hopetoun Airport,-35.715302,142.360001,,AU-VIC,YHPN,YHPN
YHPV,small_airport,Hope Vale Airport,-15.2923,145.1035,Hope Vale,AU-QLD,,YHPV
YHPY,heliport,Happy Valley Heliport,-25.3363,153.2019,Fraser Island,AU-QLD,,YHPY
YHRD,small_airport,Hungerford Airport,-28.996261,144.452801,Hungerford,AU-QLD,,YHRD
YHRG,small_airport,Haddon Rig Airport,-31.465953,147.895525,,AU-NSW,,YHRG
YHSB,small_airport,Horseshoe Bend Airport,-25.216699600219727,134.26699829101562,,AU-NT,,YHSB
YHSJ,heliport,Holt Street Jetty Heliport,-27.439755,153.107561,Pinkenba,AU-QLD,,YHSJ
YHSL,small_airport,Horseshoe Lights Airport,-25.350000381469727,118.61699676513672,,AU-WA,,YHSL
YHSM,medium_airport,Horsham Airport,-36.669700622558594,142.17300415039062,,AU-VIC,YHSM,YHSM
YHTA,small_airport,Hiltaba Airport,-32.14250183105469,135.0989990234375,,AU-SA,,YHTA
YHTL,small_airport,Heathlands Airport,-11.7369,142.576996,Shelburne,AU-QLD,YHTL,YHTL
YHTN,small_airport,Herberton Airport,-17.433300018310547,145.39999389648438,,AU-QLD,,YHTN
YHTR,small_airport,Hunter Island Airport,-40.522671,144.741499,Hunter Island,AU-TAS,,YHTR
YHTS,small_airport,Harts Range Airport,-22.985000610351562,134.91799926757812,,AU-NT,,YHTS
YHUG,small_airport,Hughenden Airport,-20.815001,144.225006,Hughenden,AU-QLD,YHUG,YHUG
YHVH,small_airport,Harvest Home Airport,-20.683446,146.638854,,AU-QLD,,YHVH
YHYD,small_airport,Hyden Airport,-32.43330001831055,118.86699676513672,,AU-WA,,YHYD
YHYL,small_airport,Hoyleton Airbase,-34.029171,138.52423,Hoyleton,AU-SA,,YHYL
YHYN,heliport,Hayman Island Heliport,-20.0599,148.8834,Hayman Island Resort,AU-QLD,,YHYN
YIBO,small_airport,Iron Bridge Mine Airport,-21.287575,118.88252,Japal Camp,AU-WA,,YIBO
YIDK,small_airport,Indulkana Airport,-26.965435,133.321989,Indulkana,AU-SA,YIDK,YIDK
YIDR,small_airport,Idracowra Airport,-25.06329917907715,133.73300170898438,,AU-NT,,YIDR
YIFF,small_airport,Iffley HS Airstrip,-22.236667,148.433056,Iffley Homestead,AU-QLD,,YIFF
YIFL,small_airport,Innisfail Airport,-17.559401,146.011993,,AU-QLD,YIFL,YIFL
YIFY,small_airport,Iffley Airport,-18.899999618530273,141.2169952392578,,AU-QLD,YIFY,YIFY
YIGM,small_airport,Ingham Airport,-18.664149,146.145804,,AU-QLD,YIGM,YIGM
YIGR,small_airport,Ingomar Airport,-29.63330078125,134.79299926757812,,AU-SA,,YIGR
YIKL,small_airport,Baikal Airport,-22.7632999420166,136.16299438476562,,AU-NT,,YIKL
YIKM,small_airport,Inkerman Airport,-16.229225,141.434607,Inkerman,AU-QLD,YIKM,YIKM
YILA,small_airport,Milawa (Brown Brothers) Airport,-36.456197,146.433063,Milawa,AU-VIC,,YILA
YILF,small_airport,Ilfracombe Airport,-23.475813,144.529811,,AU-QLD,,YILF
YILT,heliport,Ulladulla Medical Heliport,-35.32076,150.439306,Milton,AU-NSW,,YXUA
YILW,small_airport,Inglewood Airport,-28.4188,151.0955,Inglewood,AU-QLD,,YILW
YIMA,small_airport,Imanpa Airport,-25.130954,132.565738,,AU-NT,,YIMA
YIMB,small_airport,Kimba Airport,-33.093182,136.466315,Kimba,AU-SA,,YIMB
YIMP,small_airport,Impadna Airport,-25.153831,133.579681,,AU-NT,,YIMP
YIMT,small_airport,Innamincka Township Airport,-27.74169921875,140.7449951171875,Innamincka Township,AU-SA,,YIMT
YING,small_airport,Ingelara Airport,-24.997027028,148.333282471,Rewan,AU-QLD,,YING
YINJ,small_airport,Injune Airport,-25.851,148.5497,Injune,AU-QLD,YINJ,YINJ
YINN,small_airport,Innamincka Airport,-27.697589,140.739498,,AU-SA,YINN,YINN
YINO,small_airport,Inverell North Airport,-29.773774,151.165974,,AU-NSW,,YINO
YINV,small_airport,Inverleigh Airport,-18.005244,140.535543,,AU-QLD,,YINV
YINW,small_airport,Inverway Airport,-17.8411006927,129.643005371,Inverway,AU-NT,YINW,YINW
YISD,small_airport,Isis Downs Airport,-24.216283,144.626341,,AU-QLD,,YISD
YISF,small_airport,Isisford Airport,-24.25830078125,144.4250030517578,,AU-QLD,YISF,YISF
YISV,small_airport,Innesvale Airport,-15.383299827575684,131.26699829101562,,AU-NT,,YISV
YITT,small_airport,Mitta Mitta Airport,-36.513879,147.359018,,AU-VIC,,YITT
YIVE,small_airport,Inverloch Airport,-38.612709,145.733481,Inverloch,AU-VIC,,YIVE
YIVL,medium_airport,Inverell Airport,-29.888299942,151.143997192,Inverell,AU-NSW,YIVL,YIVL
YIVO,small_airport,Ivanhoe Airport,-32.882381,144.310677,Ivanhoe,AU-NSW,,YIVO
YJAB,small_airport,Jabiru Airport,-12.658056,132.894638,,AU-NT,YJAB,YJAB
YJAC,small_airport,Jacinth Ambrosia Airport,-30.901,132.183667,,AU-SA,,YJAC
YJAK,small_airport,Jackson Airport,-27.6382999420166,142.4080047607422,,AU-QLD,,YJAK
YJAM,small_airport,Jameson Airport,-25.850000381469727,127.68299865722656,,AU-WA,,YJAM
YJBY,small_airport,Jervis Bay Airport,-35.145811,150.696285,Jervis Bay Territory,AU-ACT,YJBY,YJBY
YJCO,small_airport,Jericho Airport,-42.368329,147.33605,Jericho,AU-TAS,,YJCO
YJDA,small_airport,Jundah Airport,-24.838045,143.061962,Jundah,AU-QLD,YJDA,YJDA
YJEM,small_airport,Jemalong Airport,-32.523151,147.579796,,AU-NSW,,YJEM
YJER,small_airport,Jerilderie Airport,-35.373032,145.723152,,AU-NSW,YJER,YJER
YJEY,small_airport,Jeedamya Airport,-29.408029,121.271163,,AU-WA,,YJEY
YJGP,small_airport,Jerramungup Airport,-33.918212,118.904482,,AU-WA,,YJGP
YJIG,small_airport,Jiggalong Mission Airport,-23.36669921875,120.78299713134766,,AU-WA,,YJIG
YJIN,small_airport,Jindabyne Airport,-36.429087,148.599722,Jindabyne,AU-NSW,,YJIN
YJLC,small_airport,Julia Creek Airport,-20.66830062866211,141.72300720214844,,AU-QLD,YJLC,YJLC
YJNB,small_airport,Jurien Bay Airport,-30.302699,115.055551,Jurien Bay,AU-WA,YJUR,YJUR
YJNK,small_airport,Jinka Airport,-22.950000762939453,135.73300170898438,,AU-NT,,YJNK
YJNY,small_airport,Jonroy Airport,-16.5,144.39999389648438,,AU-QLD,,YJNY
YJRO,small_airport,Jericho Airport,-23.585154,146.132981,,AU-QLD,,YJRO
YJST,small_airport,Hubert Wilkins Airstrip,-33.1920845053,138.615531921,Jamestown,AU-SA,,YJST
YJUK,small_airport,Tjukurla Airport,-24.370710372924805,128.7393341064453,,AU-WA,,YJUK
YJUN,small_airport,Jundee Airport,-26.4217,120.577003,,AU-WA,YJUN,YJUN
YJVM,small_airport,Jervois Mine Airport,-22.63330078125,136.26699829101562,,AU-NT,,YJVM
YJVS,small_airport,Jervois Airport,-22.9133,136.119995,,AU-NT,YJVS,YJVS
YJWB,small_airport,Jowalbinna Airport,-15.73330020904541,144.26699829101562,,AU-QLD,,YJWB
YKAE,small_airport,Kalannie Airport,-30.360004,117.121634,,AU-WA,,YKAE
YKAJ,small_airport,Kajabbi Airport,-20.033300399780273,140.0330047607422,,AU-QLD,,YKAJ
YKAL,small_airport,Kalumburu Airport,-14.28784,126.633182,Kalumburu,AU-WA,YKAL,YKAL
YKAN,small_airport,Kanandah Airport,-30.899822,124.862065,,AU-WA,,YKAN
YKAP,small_airport,Kapunda Airport,-34.247027,138.914105,Kapunda,AU-SA,,YKAP
YKAR,small_airport,Karara Airport,-29.217223,116.687154,Karara,AU-WA,YKAR,YKAR
YKAT,small_airport,Katoomba Airport,-33.667818,150.322741,,AU-NSW,YKAT,YKAT
YKAY,small_airport,Kayrunnera Airport,-30.679257,142.537136,,AU-NSW,,YKAY
YKBA,small_airport,Ken's Bore airport,-22.15722,116.156223,Ken's Bore,AU-WA,,YKBA
YKBG,small_airport,Koolyanobbing Range Airport,-30.840599060058594,119.52899932861328,,AU-WA,,YKBG
YKBL,small_airport,Kambalda Airport,-31.1907,121.5978,Kambalda West,AU-WA,YKBL,YKBL
YKBN,small_airport,Kooralbyn Airport,-28.089331,152.846544,,AU-QLD,,YKBN
YKBR,small_airport,Kalbarri Airport,-27.692813,114.259169,Kalbarri,AU-WA,YKBR,YKBR
YKBY,small_airport,Streaky Bay Airport,-32.836621,134.292991,,AU-SA,YKBY,YKBY
YKCA,small_airport,Kings Canyon Airport,-24.260229,131.488924,Petermann,AU-NT,YKCA,YKCA
YKCK,small_airport,Killiecrankie Airfield,-39.848801,147.858002,Killiecrankie,AU-TAS,,YKCK
YKCS,small_airport,Kings Creek Airport,-24.421285,131.819458,Petermann,AU-NT,YKCS,YKCS
YKDD,small_airport,Koodaideri Mine Airport,-22.504291,119.07683,Koodaideri Mine,AU-WA,,YKDD
YKDI,small_airport,Kadina Airport,-33.96963,137.659748,,AU-SA,,YKDI
YKDL,small_airport,Kondoolka Airport,-32.02389907836914,134.86099243164062,,AU-SA,,YKDL
YKDM,small_airport,Kidman Springs Airport,-16.11669921875,130.9530029296875,,AU-NT,,YKDM
YKDN,small_airport,Kondinin Airport,-32.467409,118.269882,,AU-WA,,YKDN
YKEB,small_airport,Kellerberrin Airport,-31.616819,117.718787,,AU-WA,,YKEB
YKEL,small_airport,Kelvin Station Airport,-30.655000686645508,151.63800048828125,,AU-NSW,,YKEL
YKEN,small_airport,Kenmore Park Airport,-26.33329963684082,132.4669952392578,,AU-SA,,YKEN
YKEP,small_airport,Lake Keepit Airport,-30.8911034242,150.526149273,,AU-NSW,,YKEP
YKER,medium_airport,Kerang Airport,-35.751399993896484,143.93899536132812,,AU-VIC,YKER,YKER
YKFC,small_airport,Kingfisher Camp Airport,-17.84945,138.28871,,AU-QLD,,YKFC
YKGA,small_airport,Kingoonya Airport,-30.914376,135.307252,Kingoonya,AU-SA,,YKGA
YKHA,small_airport,Khancoban Airport,-36.215919970399995,148.113742828,,AU-NSW,,YKHA
YKHG,small_airport,Katherine Gorge Airport,-14.385302,132.39315,,AU-NT,,YKHG
YKHO,heliport,Kholo Helipad,-27.497651,152.774335,Fernvale,AU-QLD,,YKHO
YKIA,small_airport,Kiana Station Airport,-17.24169921875,136.1750030517578,,AU-NT,,YKIA
YKIC,small_airport,Kiwirrkurra Airstrip,-22.810978,127.734411,,AU-WA,,YKIC
YKID,small_airport,Kidston Airport,-18.8700008392334,144.17300415039062,,AU-QLD,,YKID
YKIG,small_airport,Kingston Airport,-36.823299407958984,139.875,,AU-SA,,YKIG
YKII,medium_airport,King Island Airport,-39.877498626708984,143.8780059814453,,AU-TAS,YKII,YKII
YKIL,small_airport,Kildurk Airport,-16.431699752807617,129.61500549316406,,AU-NT,,YKIL
YKIR,small_airport,Kirkimbie Station Airport,-17.7791996002,129.210006714,Kirkimbie,AU-NT,,YKIR
YKIU,small_airport,Kaiuroo Airport,-23.088925,149.431925,,AU-QLD,,YKIU
YKKG,small_airport,Kalkgurung Airport,-17.431900024414062,130.80799865722656,,AU-NT,YKKG,YKKG
YKKH,small_airport,Kokatha Airport,-31.29170036315918,135.24200439453125,,AU-SA,,YKKH
YKKN,small_airport,Kin Kin Retreat Airstrip,-34.378925,116.322362,,AU-WA,,YKKN
YKLA,small_airport,Koolatah Airport,-15.888484,142.439461,Maramie,AU-QLD,YKLA,YKLA
YKLB,small_airport,Koolburra Airport,-15.318900108337402,143.9550018310547,Koolburra,AU-QLD,YKLB,YKLB
YKLC,small_airport,Koolan Central Airport,-16.125,123.735,Koolan Island,AU-WA,,YKLC
YKLE,small_airport,Killarney Airport,-16.25,131.7469940185547,,AU-NT,,YKLE
YKLG,small_airport,Kalinga Airport,-15.202823,143.850217,,AU-QLD,,YKLG
YKLL,small_airport,Kallala Airport,-21.75,138.88299560546875,,AU-QLD,,YKLL
YKLN,small_airport,Killarney Airport,-15.399999618530273,143.5,,AU-QLD,,YKLN
YKLR,small_airport,Kalamurina Airport,-27.716699600219727,138.26199340820312,,AU-SA,,YKLR
YKMB,small_airport,Karumba Airport,-17.45669937133789,140.8300018310547,,AU-QLD,YKMB,YKMB
YKML,small_airport,Kamileroi Airport,-19.375,140.0570068359375,,AU-QLD,YKML,YKML
YKMP,medium_airport,Kempsey Airport,-31.07232,152.765313,,AU-NSW,YKMP,YKMP
YKNG,small_airport,Katanning Airport,-33.699423,117.65703,,AU-WA,YKNG,YKNG
YKNM,small_airport,Koonmarra Airport,-26.274628,117.78896,,AU-WA,,YKNM
YKNP,small_airport,Kununoppin Airport,-31.123497,117.906046,,AU-WA,,YKNP
YKNT,small_airport,Kintore Airport,-23.264999389648438,129.38699340820312,,AU-NT,,YKNT
YKNV,small_airport,Kaniva Airport,-36.340918,141.267964,Kaniva,AU-VIC,,YKNV
YKOG,small_airport,Koongarra Airport,-36,142.2169952392578,,AU-VIC,,YKOG
YKOJ,small_airport,Kojonup Airport,-33.762523,117.136574,,AU-WA,,YKOJ
YKOK,small_airport,Kookynie Airport,-29.34328,121.493168,,AU-WA,,YKOK
YKOL,small_airport,Kolendo Airport,-32.41579818725586,136.29800415039062,,AU-SA,,YKOL
YKOW,medium_airport,Kowanyama Airport,-15.485369,141.752572,Kowanyama,AU-QLD,YKOW,YKOW
YKPR,small_airport,Kalpowar Airport,-14.89,144.22,Kalpower,AU-QLD,YKPR,YKPR
YKRV,small_airport,Kendall River Airport,-13.74389,142.130985,,AU-QLD,,YKRV
YKRY,medium_airport,Kingaroy Airport,-26.581077,151.839927,,AU-QLD,YKRY,YKRY
YKSC,medium_airport,Kingscote Airport,-35.71390151977539,137.52099609375,,AU-SA,YKSC,YKSC
YKTA,small_airport,Kotta Airport,-36.1797981262207,144.52499389648438,,AU-VIC,,YKTA
YKTH,small_airport,Keith Airport,-36.115135,140.252237,Keith,AU-SA,,YKTH
YKTN,small_airport,Kyneton Airport,-37.2262620936,144.44729805,Kyneton,AU-VIC,,YKTN
YKUB,small_airport,Kubin Island Airport,-10.22648,142.219619,Kubin Island,AU-QLD,YKUB,YKUB
YKUR,small_airport,Kurundi Airport,-20.51,134.6706,Kurundi Station,AU-NT,,YKUR
YKUW,small_airport,Kurweeton Airport,-38.04999923706055,143.14999389648438,,AU-VIC,,YKUW
YKUY,small_airport,Kurray Airport,-28.221763,148.578124,,AU-QLD,,YKUY
YKWA,small_airport,Karlawinda Mine Airport,-23.781111,120.135002,,AU-WA,,YKWA
YKWG,small_airport,Kangaroo Well Airport,-31.78499984741211,135.63800048828125,,AU-SA,,YKWG
YKWR,small_airport,Koo Wee Rup (Aardel Port) Airfield,-38.16887,145.486722,Koo Wee Rup,AU-VIC,,YKWR
YKYB,small_airport,Kyabram Airport,-36.332482365299995,144.972066879,Private Airfield in the Shire of Campaspe,AU-VIC,,YKYB
YKYN,small_airport,Kynuna Airport,-21.598769,141.942871,Kynuna,AU-QLD,,YKYN
YLAE,small_airport,La Belle Downs Airstrip,-13.113074,130.499125,,AU-NT,,YLAE
YLAG,small_airport,Lagoon Bay Airport,-42.886934,147.954863,Dunalley,AU-TAS,,YLAG
YLAH,small_airport,Lawn Hill Airport,-18.57453,138.586106,,AU-QLD,YLAH,YLAH
YLAK,small_airport,Lakeside Airpark,-20.680866,148.630348,Lakeside,AU-QLD,,YLAK
YLAM,small_airport,Lambina Airport,-26.913299560546875,134.05799865722656,,AU-SA,,YLAM
YLAN,small_airport,Langawirra Airport,-31.442361,142.137766,,AU-NSW,,YLAN
YLAO,small_airport,Lameroo Airport,-35.36669921875,140.5500030517578,,AU-SA,,YLAO
YLAW,small_airport,Lawlers Airport,-28.091764,120.538516,,AU-WA,,YLAW
YLBA,small_airport,Labona Airport,-22.003936,146.363854,Carmichael Coal Mine,AU-QLD,,YLBA
YLBD,small_airport,Lombadina Airport,-16.515333,122.923509,Dampier Peninsula,AU-WA,,YLBD
YLBG,small_airport,Mount Liebig Airport,-23.24329948425293,131.25999450683594,,AU-NT,,YLBG
YLBO,small_airport,Lake Bolac Airport,-37.68330001831055,142.88299560546875,,AU-VIC,,YLBO
YLCG,small_airport,Lake Cargelligo Airport,-33.282822,146.375447,,AU-NSW,,YLCG
YLCS,small_airport,Locksley Field,-36.814999,145.348007,Locksley,AU-VIC,,YLCS
YLDB,small_airport,Lady Barron Aerodrome,-40.195811,148.244642,Lady Barron,AU-TAS,,YLDB
YLDO,small_airport,Landor Station Airport,-25.100000381469727,116.9000015258789,,AU-WA,,YLDO
YLEA,small_airport,Leeman Airport,-29.969974,114.983066,Leeman,AU-WA,,YLEA
YLEC,medium_airport,Leigh Creek Airport,-30.598301,138.425995,,AU-SA,YLEC,YLEC
YLED,small_airport,Lethbridge Airpark,-37.921233,144.103058,,AU-VIC,,YLED
YLEE,small_airport,Leeton Airport,-34.499788,146.446646,,AU-NSW,,YLEE
YLEG,small_airport,Leongatha Airport,-38.496472,145.860565,Leongatha South,AU-VIC,,YLEG
YLEO,medium_airport,Leonora Airport,-28.87809944152832,121.31500244140625,Leonora,AU-WA,YLEO,YLEO
YLET,small_airport,Lakes Entrance Airport,-37.852773,147.951164,,AU-VIC,,YLET
YLEV,small_airport,Lake Evella Airport,-12.498900413513184,135.80599975585938,,AU-NT,YLEV,YLEV
YLFD,small_airport,Lakefield Airport,-14.9207,144.203,Lakefield,AU-QLD,YLFD,YLFD
YLGA,small_airport,Mulga Downs Airport,-22.107200622558594,118.47100067138672,,AU-WA,,YLGA
YLGB,small_airport,La Grange Bay Airport,-18.68684,121.81133,Lagrange,AU-WA,,YLGB
YLGC,small_airport,Lake Grace Airport,-33.106911,118.389375,Lake Grace,AU-WA,,YLGC
YLGD,small_airport,Longdown Airport,-41.691234,147.143296,Longford,AU-TAS,,YLGD
YLGL,small_airport,Laglan Airport,-22.5,146.66700744628906,,AU-QLD,,YLGL
YLGN,small_airport,Loongana Airport,-30.940771,127.028781,,AU-WA,,YLGN
YLGU,small_airport,Legune Airport,-15.215372,129.448629,Baines,AU-NT,YLGU,YLGU
YLHI,small_airport,Lord Howe Island Airport,-31.538204,159.07546,Lord Howe Island,AU-NSW,YLHI,YLHI
YLHL,small_airport,Long Hill Airport,-41.33330154418945,146.5,,AU-TAS,,YLHL
YLHR,medium_airport,Lockhart River Airport,-12.7869,143.304993,Lockhart River,AU-QLD,YLHR,YLHR
YLHS,small_airport,Lyndhurst Airport,-19.1958007812,144.371002197,Lyndhurst,AU-QLD,YLHS,YLHS
YLIL,small_airport,Lilydale Airport,-37.693,145.367,,AU-VIC,,YLIL
YLIM,small_airport,Limbunya Airport,-17.2355995178,129.882003784,Limbunya,AU-NT,,YLIM
YLIN,small_airport,Lindeman Island Airport,-20.4535999298,149.039993286,Lindeman Island,AU-QLD,YLIN,YLIN
YLIS,medium_airport,Lismore Airport,-28.830689,153.258419,Lismore,AU-NSW,YLIS,YLIS
YLKD,small_airport,Lucky Downs Airport,-18.910527,144.996843,,AU-QLD,,YLKD
YLKE,small_airport,Lakes Entrance Airport,-37.852699279785156,147.95799255371094,,AU-VIC,,YLKE
YLKG,small_airport,Lake King Airport,-33.079200744628906,119.76599884033203,,AU-WA,,YLKG
YLKN,small_airport,Lake Nash Airport,-20.9807,137.9178,Alpurrurulam,AU-NT,YLKN,YLKN
YLKS,small_airport,The Lakes Aerodrome,-31.714851,152.724287,,AU-NSW,,YLKS
YLLA,small_airport,Mobella Airport,-29.79829978942871,133.34500122070312,,AU-SA,,YLLA
YLLC,small_airport,Lilla Creek Airport,-25.55791,134.07114,,AU-NT,,YLLC
YLLD,small_airport,Langlo Downs Airport,-25.533300399780273,145.76699829101562,,AU-QLD,,YLLD
YLLE,small_airport,Ballera Airport,-27.405633,141.809458,,AU-QLD,YLLE,YLLE
YLLR,small_airport,Lake Leagur Airport,-35.983299255371094,143.8000030517578,,AU-VIC,,YLLR
YLLT,small_airport,Lower Light Airport,-34.515999,138.426457,,AU-SA,,YLLT
YLLV,small_airport,Lily Vale Airport,-14.48330020904541,143.66700744628906,,AU-QLD,,YLLV
YLMB,small_airport,Lambrook Airport,-31.100000381469727,149.93299865722656,,AU-NSW,,YLMB
YLMQ,small_airport,Lake Macquarie Airport,-33.065975,151.646283,City of Lake Macquarie,AU-NSW,YLMQ,YLMQ
YLMU,small_airport,Mungo Lodge Airport,-33.7458244463,143.001308441,Mungo,AU-NSW,,YLMU
YLND,small_airport,Lakeland Airport,-15.841213,144.849118,Lakeland Downs,AU-QLD,YLND,YLND
YLNR,small_airport,Landor Races Airport,-24.931339,116.966946,,AU-WA,,YLNR
YLOC,small_airport,Lochinvar Airport,-20.75830078125,121.01699829101562,,AU-WA,,YLOC
YLOD,small_airport,Longwood Airport,-36.814219,145.46579,Longwood East,AU-VIC,,YLOD
YLOH,small_airport,Louth Airport,-30.531414,145.128413,Louth,AU-NSW,,YLOH
YLOK,small_airport,Lock Airport,-33.5442008972168,135.6929931640625,Lock,AU-SA,YLOK,YLOK
YLOR,small_airport,Lorraine Airport,-18.99329948425293,139.90699768066406,,AU-QLD,YLOR,YLOR
YLOU,small_airport,Louisa Downs Airport,-18.716699600219727,126.71700286865234,,AU-WA,,YLOU
YLOV,small_airport,Lotus Vale Airport,-17.048299789399998,141.37600708,Lotus Vale,AU-QLD,YLOV,YLOV
YLOX,small_airport,Loxton Airport,-34.474998,140.662994,,AU-SA,,YLOX
YLOY,small_airport,Longwarry Airport,-38.108299,145.778,,AU-VIC,,YLOY
YLRA,small_airport,Laura Airport,-15.560495,144.451418,,AU-QLD,YLRA,YLRA
YLRD,medium_airport,Lightning Ridge Airport,-29.452857,147.977146,,AU-NSW,YLRD,YLRD
YLRE,medium_airport,Longreach Airport,-23.43202,144.277492,Longreach,AU-QLD,YLRE,YLRE
YLRG,small_airport,Lorna Glen Homestead Airport,-26.231386,121.558549,,AU-WA,,YLRG
YLRN,small_airport,Lorraine Station Airport,-22.533300399780273,143.51699829101562,,AU-QLD,,YLRN
YLRS,small_airport,New Laura Airport,-15.182758,144.345535,Laura Station,AU-QLD,YLRS,YLRS
YLSK,small_airport,Luskintyre Airfield,-32.666294,151.420226,Luskintyre,AU-NSW,,YLSK
YLSM,small_airport,Lismore Airport,-37.93330001831055,143.35000610351562,,AU-VIC,,YLSM
YLSS,small_airport,Lansdowne Airport,-25.049999237060547,146.26699829101562,,AU-QLD,,YLSS
YLST,medium_airport,Leinster Airport,-27.843299865722656,120.7030029296875,,AU-WA,YLST,YLST
YLSY,small_airport,Mount Lindsay Airport,-27.018299102783203,129.88499450683594,,AU-SA,,YLSY
YLTN,small_airport,Laverton Airport,-28.614267,122.428673,Laverton,AU-WA,YLTN,YLTN
YLTV,medium_airport,Latrobe Valley Airport,-38.211004,146.470817,Morwell,AU-VIC,YLTV,YLTV
YLUC,small_airport,Lucy Creek Airport,-22.466699600219727,136.26699829101562,,AU-NT,,YLUC
YLUI,small_airport,Lucindale Airport,-36.97169876098633,140.3520050048828,,AU-SA,,YLUI
YLUL,small_airport,Mooleulooloo Airport,-31.643356,140.512948,,AU-SA,,YLUL
YLUW,small_airport,Leeuwin Estate Airport,-34.020973,115.064471,Margaret River,AU-WA,,YLUW
YLVB,small_airport,Lovely Banks Airport,-38.03329849243164,144.33299255371094,,AU-VIC,,YLVB
YLVD,small_airport,Lake Everard Airport,-31.733299255371094,135.02699279785156,,AU-SA,,YLVD
YLVK,small_airport,Lavarack (Military) Airport,-19.318602,146.770674,Townsville,AU-QLD,,YLVK
YLVY,small_airport,Lake Varley Airport,-32.719561,119.505758,,AU-WA,,YLVY
YLWY,small_airport,Lake Way Airport,-26.94499969482422,120.47000122070312,,AU-WA,,YLWY
YLYD,small_airport,Lyndley Airport,-26.827307,151.23009,,AU-QLD,,YLYD
YLYK,small_airport,Lyndoch Airport,-34.61828,138.911362,Lyndoch,AU-SA,,YLYK
YLYN,small_airport,Lyndon Airport,-23.641301,115.235392,,AU-WA,,YLYN
YLZI,small_airport,Lizard Island Airport,-14.673273,145.454571,,AU-QLD,YLZI,YLZI
YMAA,small_airport,Mabuiag Island Airport,-9.950168,142.19523,Mabuiag Island,AU-QLD,YMAA,YMAA
YMAC,small_airport,Macumba Airport,-27.261699676513672,135.63800048828125,,AU-SA,,YMAC
YMAD,small_airport,Madura Airport,-31.887825,127.025573,,AU-WA,,YMAD
YMAE,small_airport,Murray Island Airport,-9.915105,144.054644,Murray Island,AU-QLD,YMAE,YMAE
YMAG,small_airport,Manangatang Airport,-35.046783,142.861705,,AU-VIC,,YMAG
YMAI,small_airport,Manguri Airport,-28.986814,134.391354,Manguri,AU-SA,,YMAI
YMAK,small_airport,Mabel Creek Station Airport,-28.928918,134.328547,Mabel Creek,AU-SA,,YMAK
YMAP,small_airport,Mapuru Airstrip,-12.255292,135.444474,,AU-NT,,YMAP
YMAT,heliport,Mater Hospital Helipad,-27.485554,153.028339,Brisbane,AU-QLD,,YMAT
YMAU,small_airport,Mount Augusta Airport,-24.301734,116.906676,,AU-WA,,YMAU
YMAV,large_airport,Melbourne Avalon International Airport,-38.040269,144.467196,Geelong/Melbourne,AU-VIC,YMAV,YMAV
YMAY,medium_airport,Albury Airport,-36.066758,146.959148,East Albury,AU-NSW,YMAY,YMAY
YMBA,medium_airport,Mareeba Airport,-17.070277,145.424228,Mareeba,AU-QLD,YMBA,YMBA
YMBD,small_airport,Murray Bridge Airport,-35.066202,139.227326,,AU-SA,,YMBD
YMBL,small_airport,Marble Bar Airport,-21.163299560546875,119.83300018310547,,AU-WA,YMBL,YMBL
YMBT,small_airport,Mount Beauty Airport,-36.731576,147.168903,Mount Beauty,AU-VIC,,YMBT
YMBU,small_airport,Maryborough Airport,-37.03310012817383,143.70899963378906,,AU-VIC,,YMBU
YMBX,small_airport,Mundrabilla Airport,-31.86720085144043,127.85399627685547,Mundrabilla,AU-WA,,YMBX
YMBZ,small_airport,Mount Ebenezer Airport,-25.169763,132.643107,,AU-NT,,YMBZ
YMCE,small_airport,Mount Clere Homestead Airport,-25.100000381469727,117.58300018310547,,AU-WA,,YMCE
YMCF,small_airport,McCaffrey Field,-27.350204,151.515849,Jondaryan,AU-QLD,,YMCF
YMCK,small_airport,Mckinley Airport,-21.281368,141.298334,,AU-QLD,,YMCK
YMCL,small_airport,Mount Coolon Airport,-21.387231,147.331295,,AU-QLD,,YMCL
YMCO,small_airport,Mallacoota Airport,-37.59830093383789,149.72000122070312,,AU-VIC,YMCO,YMCO
YMCR,small_airport,Manners Creek Airport,-22.100000381469727,137.98300170898438,,AU-NT,YMCR,YMCR
YMCS,small_airport,Macrossan Airport,-20.013053,146.483728,,AU-QLD,,YMCS
YMCT,small_airport,Millicent Airport,-37.58359909057617,140.36599731445312,,AU-SA,YMCT,YMCT
YMCU,small_airport,Mount Mcclure Airport,-27.469999313354492,120.91699981689453,,AU-WA,,YMCU
YMDA,small_airport,Mundubbera Airport,-25.591699600219727,151.31700134277344,,AU-QLD,,YMDA
YMDB,small_airport,Mundabullangana Airport,-20.50949,118.059479,Mundabullangana,AU-WA,,YMDB
YMDG,medium_airport,Mudgee Airport,-32.564794,149.609452,Mudgee,AU-NSW,YMDG,YMDG
YMDI,small_airport,Mandora Airport,-19.73799,120.83818,Eighty Mile Beach,AU-WA,YMDI,YMDI
YMDK,small_airport,Mount Riddock Airport,-23.033300399780273,134.68299865722656,,AU-NT,,YMDK
YMDN,small_airport,Merredin Airport,-31.522028,118.322067,,AU-WA,,YMDN
YMDR,small_airport,Minderoo Station Airport,-21.993059,115.053066,Talandji,AU-WA,,YMDR
YMDS,small_airport,Macdonald Downs Airport,-22.444000244099996,135.199005127,,AU-NT,YMDS,YMDS
YMDT,small_airport,Mundrabilla Motel Airport,-31.82670021057129,128.22999572753906,,AU-WA,,YMDT
YMDV,small_airport,Mount Davies Airport,-26.16670036315918,129.13299560546875,,AU-SA,,YMDV
YMDW,small_airport,Maitland Downs Airport,-16.22330093383789,144.7030029296875,,AU-QLD,,YMDW
YMDY,small_airport,Mount Bundey Airport,-12.890000343322754,131.9080047607422,,AU-NT,,YMDY
YMDZ,small_airport,Mardi Station Airport,-21.210079,115.962367,,AU-WA,,YMDZ
YMEB,small_airport,Mount Eba Airport,-30.178595,135.673599,Mount Eba,AU-SA,,YMEB
YMED,small_airport,Menindee Airport,-32.366699,142.404999,Menindee,AU-NSW,,YMED
YMEI,small_airport,Mereenie Airport,-23.976699829101562,131.56199645996094,,AU-NT,,YMEI
YMEK,medium_airport,Meekatharra Airport,-26.6117000579834,118.5479965209961,,AU-WA,YMEK,YMEK
YMEL,small_airport,Melton Airport,-37.621793,144.565053,Melton,AU-VIC,,YMEL
YMEM,small_airport,Memooloo Airport,-24.002636,148.713727,Memooloo,AU-QLD,,YMEM
YMEN,medium_airport,Melbourne Essendon Airport,-37.7281,144.901993,Essendon Fields,AU-VIC,YMEN,YMEN
YMEO,small_airport,Merton Airport,-36.967704,145.707616,Merton,AU-VIC,,YMEO
YMEP,small_airport,Merapah Airport,-13.724541,142.411394,,AU-QLD,,YMEP
YMER,medium_airport,Merimbula Airport,-36.9085998535,149.901000977,Merimbula,AU-NSW,YMER,YMER
YMES,medium_airport,RAAF Base East Sale,-38.0989,147.149002,,AU-VIC,,YMES
YMEU,small_airport,Merluna Airport,-13.0649,142.4536,Merluna,AU-QLD,YMEU,YMEU
YMEW,small_airport,Mingenew Airport,-29.268131,115.443048,,AU-WA,,YMEW
YMEY,small_airport,Mullaley Airport,-31.100000381469727,149.91700744628906,,AU-NSW,,YMEY
YMFD,small_airport,Mansfield Airport,-37.073875,146.120669,,AU-VIC,,YMFD
YMGB,small_airport,Milingimbi Airport,-12.0944004059,134.893997192,Milingimbi Island,AU-NT,YMGB,YMGB
YMGD,medium_airport,Maningrida Airport,-12.0560998917,134.23399353,Maningrida,AU-NT,YMGD,YMGD
YMGG,small_airport,Mulgathing Airport,-30.227378,133.988335,,AU-SA,,YMGG
YMGI,small_airport,Mungindi Airport,-28.966613,149.052978,,AU-NSW,,YMGI
YMGN,small_airport,Mount Gunson Airport,-31.4597,137.174443333,Mount Gunson,AU-SA,YMGN,YMGN
YMGO,small_airport,Murgoo Airport,-27.36669921875,116.41699981689453,,AU-WA,,YMGO
YMGR,small_airport,Margaret River (Station) Airport,-18.6217002869,126.883003235,,AU-WA,YMGR,YMGR
YMGS,small_airport,Mount Morgans Airport,-28.789648,122.038348,,AU-WA,,YMGS
YMGT,small_airport,Margaret River Airport,-33.930599,115.099998,,AU-WA,YMGT,YMGT
YMGV,small_airport,Musgrave Airport,-14.7757,143.5047,Musgrave,AU-QLD,YMGV,YMGV
YMHB,large_airport,Hobart International Airport,-42.837032,147.513022,Hobart (Cambridge),AU-TAS,YMHB,YMHB
YMHL,small_airport,Mount Holland Airport,-32.112824,119.765739,,AU-WA,,YMHL
YMHO,small_airport,Mount House Airport,-17.051917,125.712491,Wunaamin Miliwundi Ranges,AU-WA,YMHO,YMHO
YMHP,heliport,Mackay Base Hospital Helipad,-21.14543,149.15445,Mackay,AU-QLD,,YMHP
YMHT,small_airport,Mount Hart Station Airport,-16.823294,124.913768,Wunaamin Miliwundi Ranges,AU-WA,,YMHT
YMHU,small_airport,McArthur River Mine Airport,-16.4424991608,136.083999634,McArthur River Mine,AU-NT,YMHU,YMHU
YMHW,small_airport,Mount Howitt Airport,-26.511699676513672,142.2830047607422,,AU-QLD,,YMHW
YMIA,medium_airport,Mildura Airport,-34.229198455799995,142.085998535,Mildura,AU-VIC,YMIA,YMIA
YMIB,small_airport,Mintabie Airport,-27.329685,133.302784,Mintabie,AU-SA,,YMIB
YMIG,small_airport,Mittagong Airport,-34.450184,150.497411,Mittagong,AU-NSW,,YMIG
YMIJ,small_airport,Minjilang Airport,-11.160058,132.539549,,AU-NT,,YMIJ
YMIK,small_airport,Millers Creek Airstrip,-29.97088,136.074648,Millers Creek,AU-SA,,YMIK
YMIL,small_airport,Milgun Airport,-25.08329963684082,118.33300018310547,,AU-WA,,YMIL
YMIN,small_airport,Minlaton Airport,-34.743801,137.529087,,AU-SA,YMIN,YMIN
YMIP,small_airport,Mitchell Plateau Airport,-14.790817,125.825729,Mitchell Plateau,AU-WA,YMIP,YMIP
YMIR,small_airport,Miranda Downs Airport,-17.328899,141.886002,Miranda Downs,AU-QLD,YMIR,YMIR
YMIS,small_airport,Millrose Homestead Airport,-26.399999618530273,120.94999694824219,,AU-WA,,YMIS
YMIT,small_airport,Mitchell Airport,-26.483299255371094,147.93699645996094,,AU-QLD,YMIT,YMIT
YMIV,small_airport,Mount Ive Airport,-32.44419860839844,136.06900024414062,,AU-SA,,YMIV
YMIX,small_airport,Middalya Homestead Airport,-23.906709,114.7649,Minilya,AU-WA,,YMIX
YMJE,small_airport,Mount James Airport,-24.634184,116.943755,,AU-WA,,YMJE
YMJM,small_airport,Manjimup Airport,-34.26530075073242,116.13999938964844,,AU-WA,YMJM,YMJM
YMJR,heliport,Majura Training Area Heliport,-35.245158,149.196513,Majura,AU-ACT,,YMJR
YMKA,small_airport,Mararanka Homestead Airport,-14.928779,133.135457,,AU-NT,,YMKA
YMKB,small_airport,Mukinbudin Airport,-30.918453,118.254808,,AU-WA,,YMKB
YMKT,small_airport,Emkaytee (Unlic) Airport,-12.610144,131.053333,Weddell,AU-NT,,YMKT
YMLA,small_airport,Malina Airport,-20.88330078125,118.03299713134766,,AU-WA,,YMLA
YMLC,small_airport,Mole Creek Airport,-41.53329849243164,146.33299255371094,,AU-TAS,,YMLC
YMLD,small_airport,Maitland Airport,-34.39117,137.707717,,AU-SA,,YMLD
YMLF,heliport,Mount Lofty Heliport,-34.977096,138.708326,,AU-SA,,YMLF
YMLK,small_airport,Minnamoolka Airport,-18.183300018310547,145.16700744628906,,AU-QLD,,YMLK
YMLL,small_airport,Millungera Airport,-19.858299255371094,141.56199645996094,,AU-QLD,,YMLL
YMLN,small_airport,Monolon Airport,-30.203041,143.217591,,AU-NSW,,YMLN
YMLR,small_airport,Muloorina Airport,-29.246700286865234,137.91000366210938,,AU-SA,,YMLR
YMLS,small_airport,Miles Airport,-26.806447,150.168953,,AU-QLD,YMLS,YMLS
YMLT,medium_airport,Launceston Airport,-41.544935,147.210785,Launceston (Western Junction),AU-TAS,YMLT,YMLT
YMLX,small_airport,Milurie Homestead Airport,-27.58329963684082,121.78299713134766,,AU-WA,,YMLX
YMMB,medium_airport,Melbourne Moorabbin Airport,-37.977765,145.099799,Melbourne,AU-VIC,YMMB,YMMB
YMMI,small_airport,Murrin Murrin Airport,-28.705299,121.89099,Murrin Murrin,AU-WA,YMMI,YMMI
YMML,large_airport,Melbourne Airport,-37.670732,144.837898,Melbourne,AU-VIC,YMML,YMML
YMMN,small_airport,Millmerran Airport,-27.860097,151.271996,Millmerran,AU-QLD,,YMMN
YMMO,small_airport,Moama Airstrip,-36.074459,144.764485,,AU-NSW,,YMMO
YMMT,small_airport,Mount Margaret Airport,-26.933300018310547,143.31700134277344,,AU-QLD,,YMMT
YMMU,small_airport,Middlemount Airport,-22.801444,148.706796,,AU-QLD,YMMU,YMMU
YMNA,small_airport,Mount Allan Airport,-22.274999618530273,132.2169952392578,,AU-NT,,YMNA
YMNB,small_airport,Mount Barry Airport,-28.233299255371094,135,,AU-SA,,YMNB
YMND,small_airport,Maitland Airport,-32.701265,151.492912,,AU-NSW,YMND,YMND
YMNE,medium_airport,Mount Keith Airport,-27.28733,120.554937,,AU-WA,YMNE,YMNE
YMNF,small_airport,Manfred Airport,-26.450000762939453,116.55000305175781,,AU-WA,,YMNF
YMNG,small_airport,Mangalore Airport,-36.888302,145.184006,Mangalore,AU-VIC,,YMNG
YMNK,small_airport,Monkira Airport,-24.816699981689453,140.5330047607422,,AU-QLD,YMNK,YMNK
YMNN,small_airport,Mount Denison Airport,-22.141700744628906,132.07000732421875,,AU-NT,,YMNN
YMNO,small_airport,Maneroo Airport,-23.369229,143.894787,,AU-QLD,,YMNO
YMNP,small_airport,Murnpeowie Airport,-29.591699600219727,139.052001953125,,AU-SA,,YMNP
YMNS,small_airport,Mount Swan Airport,-22.624696,135.034512,,AU-NT,YMNS,YMNS
YMNT,small_airport,Mornington Station Airport,-17.393600463867188,126.22899627685547,,AU-WA,,YMNT
YMNW,small_airport,Granny Smith Airport,-28.763333,122.438333,Laverton,AU-WA,,YGRS
YMNX,small_airport,Minura Airport,-28.912761,121.79882,,AU-WA,,YMNX
YMNY,small_airport,Morney Airport,-25.358299255371094,141.43299865722656,,AU-QLD,YMNY,YMNY
YMOE,small_airport,Moonaree Airport,-31.966100692749023,135.875,,AU-SA,,YMOE
YMOG,medium_airport,Mount Magnet Airport,-28.116100311279297,117.84200286865234,,AU-WA,YMOG,YMOG
YMOM,small_airport,Moulamein Airport,-35.0583856071,144.021320343,Moulamein,AU-NSW,,YMOM
YMOO,small_airport,Mooraberree Airport,-25.25,140.98300170898438,,AU-QLD,YMOO,YMOO
YMOR,medium_airport,Moree Airport,-29.498899459799997,149.845001221,Moree,AU-NSW,YMOR,YMOR
YMOT,small_airport,Moreton Airport,-12.444199562099998,142.638000488,Moreton,AU-QLD,YMOT,YMOT
YMOU,small_airport,Moura Airport,-24.6117000579834,149.9949951171875,,AU-QLD,,YMOU
YMPA,small_airport,Minnipa Airport,-32.843299865722656,135.14500427246094,,AU-SA,YMPA,YMPA
YMPC,small_airport,"RAAF Williams, Point Cook Base",-37.932201,144.753006,Point Cook,AU-VIC,,YMPC
YMPE,small_airport,Mount Cooper Airport,-20.524647,146.789323,,AU-QLD,,YMPE
YMPH,small_airport,Mount Elephant Airport,-37.902928,143.177537,,AU-VIC,,YMPH
YMPK,small_airport,Milton Park Airport,-23.358252,133.004007,,AU-NT,,YMPK
YMQA,small_airport,Marqua Airport,-22.80579948425293,137.25100708007812,Marqua,AU-NT,YMQA,YMQA
YMRA,small_airport,Maralinga Airport,-30.163299560546875,131.625,,AU-SA,,YMRA
YMRB,medium_airport,Moranbah Airport,-22.057800293,148.07699585,Moranbah,AU-QLD,YMRB,YMRB
YMRE,medium_airport,Marree Airport,-29.6633,138.065002,,AU-SA,YMRE,YMRE
YMRS,small_airport,Melrose Airport,-27.933300018310547,121.30000305175781,,AU-WA,,YMRS
YMRT,small_airport,Mount Garnet Airport,-17.70592,145.148217,,AU-QLD,,YMRT
YMRW,small_airport,Morawa Airport,-29.2017,116.022003,,AU-WA,YMRW,YMRW
YMRY,medium_airport,Moruya Airport,-35.8978004456,150.143997192,Moruya,AU-NSW,YMRY,YMRY
YMSF,small_airport,Mount Sanford Station Airport,-16.978300094604492,130.55499267578125,,AU-NT,YMSF,YMSF
YMSK,small_airport,Mount Skinner Airport,-22.187801,134.171648,,AU-NT,,YMSK
YMSO,small_airport,Mount Sandon Airport,-31.389999389648438,151.41000366210938,,AU-NSW,,YMSO
YMSP,small_airport,Mount Surprise Airport,-18.131584,144.288066,,AU-QLD,,YMSP
YMSS,small_airport,Murchison Shire Airport,-26.890219,115.960842,,AU-WA,,YMSS
YMST,small_airport,Millstream Station Field,-21.623761,117.081299,Chichester National Park,AU-WA,,YMST
YMTA,small_airport,Mittebah Airport,-18.8093,137.0815,,AU-NT,,YMTA
YMTB,small_airport,Muttaburra Airport,-22.58329963684082,144.5330047607422,,AU-QLD,YMTB,YMTB
YMTC,small_airport,Mount Clarence Airport,-28.826959,134.352123,Mount Clarence Station,AU-SA,,YMTC
YMTG,medium_airport,Mount Gambier Airport,-37.744382,140.780561,Mount Gambier,AU-SA,YMTG,YMTG
YMTI,small_airport,Mornington Island Airport,-16.662500381469727,139.17799377441406,,AU-QLD,YMTI,YMTI
YMTJ,small_airport,Montejinni Airstrip,-16.645279,131.758052,,AU-NT,,YMTJ
YMTO,small_airport,Monto Airport,-24.892267,151.101787,,AU-QLD,YMTO,YMTO
YMTP,small_airport,Mount Hope Airport,-34.13669967651367,135.33799743652344,,AU-SA,,YMTP
YMTW,small_airport,Martins Well Airport,-31.473600387573242,139.11099243164062,,AU-SA,,YMTW
YMTX,small_airport,Mount Dare Airport,-26.06170082092285,135.2469940185547,,AU-SA,,YMTX
YMTZ,small_airport,Mount Elizabeth Airport,-16.400683,126.116138,Gibb,AU-WA,,YMTZ
YMUA,small_airport,Monduran Airport,-24.881687,151.914396,,AU-QLD,,YMUA
YMUC,small_airport,Muccan Station Airport,-20.658899307250977,120.06700134277344,Muccan Station,AU-WA,YMUC,YMUC
YMUE,small_airport,Mount Borradale Airport,-12.097731,132.888479,,AU-NT,,YMUE
YMUG,small_airport,Mungeranie Airport,-28.009199142456055,138.65699768066406,Mungeranie,AU-SA,YMUG,YMUG
YMUK,small_airport,Mulka Airport,-28.34779930114746,138.64999389648438,Mulka,AU-SA,YMUK,YMUK
YMUL,small_airport,Murray Field,-32.508301,115.842003,,AU-WA,,YMUL
YMUP,small_airport,Mulga Park Airport,-25.860000610399997,131.649993896,,AU-NT,YMUP,YMUP
YMUR,small_airport,Murwillumbah Airport,-28.33169937133789,153.41299438476562,,AU-NSW,,YMUR
YMUS,small_airport,Mantuan Downs Airport,-24.410543,147.24562,Mantuan Downs,AU-QLD,,YMUS
YMUX,small_airport,Mileura Airport,-26.36669921875,117.33300018310547,,AU-WA,,YMUX
YMVH,small_airport,Marvel Loch Airport,-31.465733,119.530842,,AU-WA,,YMVH
YMVM,small_airport,Mangrove Mountain Airport,-33.285122,151.212738,Mangrove Mountain,AU-NSW,,YMVM
YMVN,small_airport,Morven Airport,-26.39876,147.124958,,AU-QLD,,YMVN
YMVR,small_airport,Mount Vernon Station Airport,-24.224541,118.251622,,AU-WA,,YMVR
YMVY,small_airport,Mount Valley Airport,-14.0833,133.817001,,AU-NT,,YMVY
YMWA,small_airport,Mullewa Airport,-28.475,115.516998,,AU-WA,YMWA,YMWA
YMWE,small_airport,Mount Wedge Airport,-22.737199783325195,132.1510009765625,,AU-NT,,YMWE
YMWM,small_airport,Mount William Airport,-37.2954958244,142.603397369,,AU-VIC,,YMWM
YMWO,small_airport,Mahanewo Airport,-31.718299865722656,136.43299865722656,,AU-SA,,YMWO
YMWT,small_airport,Moolawatana Airport,-29.9069,139.765,Moolawatana Station,AU-SA,YMWT,YMWT
YMWX,small_airport,Marion Downs Airport,-23.363702,139.649663,Marion Downs,AU-QLD,YMWX,YMWX
YMYB,small_airport,Maryborough Airport,-25.513528,152.713603,Maryborough,AU-QLD,YMYB,YMYB
YMYH,small_airport,Mallapunyah Springs Airport,-16.966699600219727,135.7830047607422,,AU-NT,,YMYH
YMYI,small_airport,Marymia Airport,-25.101788,119.762845,,AU-WA,,YMYI
YMYR,small_airport,Myroodan Station Airport,-18.123996,124.270261,,AU-WA,YMYR,YMYR
YMYT,small_airport,Merty Merty Airport,-28.582713,140.303264,,AU-SA,YMYT,YMYT
YMYV,small_airport,Maryvale Airport,-24.647992,134.026358,,AU-NT,,YMYV
YMYW,small_airport,Murray Downs Airport,-21.04829978942871,134.68299865722656,,AU-NT,,YMYW
YMYY,small_airport,Mary Valley Airport,-15.047093,143.757777,,AU-QLD,,YMYY
YMZI,small_airport,Menzies Airport,-29.685808,121.027794,,AU-WA,,YMZI
YNAB,small_airport,Nabarlek Airport,-12.308300018310547,133.31300354003906,,AU-NT,,YNAB
YNAN,small_airport,Nanango Airport,-26.689222,151.988425,,AU-QLD,,YNAN
YNAP,small_airport,Nappa Merrie Airport,-27.549201,141.158416,,AU-QLD,YNAP,YNAP
YNAR,medium_airport,Narrandera Airport,-34.7022018433,146.511993408,Narrandera,AU-NSW,YNAR,YNAR
YNAU,small_airport,Nannup Airport,-34.03329849243164,115.73300170898438,,AU-WA,,YNAU
YNBO,small_airport,Nebo Airstrip,-21.702222,148.694444,Nebo,AU-QLD,,YNBO
YNBR,medium_airport,Narrabri Airport,-30.3192005157,149.82699585,Narrabri,AU-NSW,YNBR,YNBR
YNCD,small_airport,Noccundra Airport,-27.809878,142.593641,,AU-QLD,,YNCD
YNCS,small_airport,New Crown Airport,-25.679926,134.838553,,AU-NT,,YNCS
YNCW,small_airport,Newcastle Waters Airport,-17.334944,133.439777,Pamayu,AU-NT,,YNCW
YNDG,small_airport,Newdegate Airport,-33.10426,119.018143,,AU-WA,,YNDG
YNDR,small_airport,Nundroo Airport,-31.780000686645508,132.22300720214844,,AU-SA,,YNDR
YNDS,small_airport,Natal Downs Airport,-21.090556,146.152614,,AU-QLD,,YNDS
YNES,small_airport,Nelson Springs Airport,-17.299999237060547,129.2830047607422,,AU-NT,,YNES
YNEY,heliport,Nelly Bay Heliport,-19.161882,146.853769,"Nelly Bay, Magnetic Island",AU-QLD,,YNEY
YNGB,small_airport,Nagambie Airport,-36.73830032348633,145.125,,AU-VIC,,YNGB
YNGU,medium_airport,Ngukurr Airport,-14.7228,134.746994,Roper River,AU-NT,YNGU,YNGU
YNGW,small_airport,Skydive Nagambie Airport,-36.788471,145.039724,,AU-VIC,,YNGW
YNHL,small_airport,Nhill Airport,-36.310088,141.643375,Nhill,AU-VIC,,YNHL
YNHP,small_airport,Northampton Airport,-28.342045,114.716964,East Bowes,AU-WA,,YNHP
YNHS,small_airport,Nambucca Heads Airport,-30.673058,152.984233,Nambucca Heads,AU-NSW,,YNAA
YNHV,small_airport,New Haven Airport,-22.728300094604492,131.14500427246094,,AU-NT,,YNHV
YNIC,small_airport,Nicholson Airport,-18.049999237060547,128.89999389648438,,AU-WA,,YNIC
YNIG,small_airport,Nonning Airport,-32.52190017700195,136.49400329589844,,AU-SA,,YNIG
YNIN,small_airport,Meningie Airport,-35.701002,139.345522,Meningie,AU-SA,,YNIN
YNKA,small_airport,Noonkanbah Airport,-18.4946994781,124.851997375,,AU-WA,,YNKA
YNMN,small_airport,New Moon Airport,-19.2,145.773,Basalt,AU-QLD,,YNMN
YNNG,small_airport,Nar Nar Goon Airstrip,-38.067402,145.57565,,AU-VIC,,YNNG
YNNT,small_airport,Nantarra Airport,-22.537159,115.492601,,AU-WA,,YNNT
YNOC,small_airport,Nockatunga Airport,-27.71933,142.707753,Noccundra,AU-QLD,,YNOC
YNOF,small_airport,Norfolk Airport,-19.33329963684082,138.33299255371094,,AU-QLD,,YNOF
YNON,small_airport,Noondoonia Homestead Airport,-32.28329849243164,123.66699981689453,,AU-WA,,YNON
YNOO,small_airport,Nooyeah Downs Airport,-28.042483,143.558881,,AU-QLD,,YNOO
YNOR,small_airport,Norwood Airport,-34.24877,144.351957,Norwood,AU-NSW,,YNOR
YNOV,small_airport,Nova Airport,-31.845857,123.192246,,AU-WA,,YNOV
YNPA,small_airport,Nilpinna Airport,-28.482348,135.912466,,AU-SA,,YNPA
YNPB,small_airport,Napperby Airport,-22.5312,132.7632,Napperby,AU-NT,,YNPB
YNPD,small_airport,Napier Downs Airport,-17.319175,124.82156,,AU-WA,,YNPD
YNPE,small_airport,Northern Peninsula Airport,-10.946194,142.455081,Bamaga,AU-QLD,YNPE,YNPE
YNPU,small_airport,Nepabunna Airport,-30.603300094604492,138.947998046875,,AU-SA,,YNPU
YNRB,small_airport,Narembeen Airport,-32.107465,118.407109,,AU-WA,,YNRB
YNRC,small_airport,Naracoorte Airport,-36.985298,140.725006,,AU-SA,YNRC,YNRC
YNRG,small_airport,Narrogin Airport,-32.93,117.080002,Narrogin,AU-WA,YNRG,YNRG
YNRH,heliport,Newcastle Regional Heliport,-32.87909,151.72803,Newcastle,AU-NSW,,YNRH
YNRL,small_airport,Naryilco Airport,-28.549999237060547,141.91700744628906,,AU-QLD,,YNRL
YNRM,medium_airport,Narromine Airport,-32.214699,148.225006,,AU-NSW,,YNRM
YNRN,small_airport,Narayen,-25.681273,150.858915,Narayen,AU-QLD,,YNRN
YNRR,small_airport,Nyrripi Airport,-22.645299911499023,130.56500244140625,,AU-NT,,YNRR
YNRV,small_airport,Ravensthorpe Airport,-33.7971992493,120.208000183,,AU-WA,YNRV,YNRV
YNSH,small_airport,Noosa Airport,-26.423177,153.064935,,AU-QLD,YNSH,YNSH
YNSM,small_airport,Norseman Aerodrome,-32.203,121.758127,Norseman,AU-WA,YNSM,YNSM
YNTH,heliport,Normanton Helipad,-17.6775,141.068333,Normanton,AU-QLD,,YNTH
YNTM,small_airport,Northam Airport,-31.62784,116.686993,,AU-WA,,YNTM
YNTN,medium_airport,Normanton Airport,-17.68409,141.069664,Normanton,AU-QLD,YNTN,YNTN
YNUB,small_airport,Nullabor Motel Airport,-31.441699981689453,130.90199279785156,,AU-SA,YNUB,YNUB
YNUD,small_airport,Nammuldi Mine Airstrip,-22.39186,117.37623,Nammuldi Mine,AU-WA,,YNUD
YNUE,small_airport,Numery Airport,-23.983299255371094,135.39999389648438,,AU-NT,,YNUE
YNUJ,small_airport,Nudjaburra Airport,-17.966699600219727,137.93299865722656,,AU-NT,,YNUJ
YNUL,small_airport,Nullagine Airport,-21.913299560546875,120.197998046875,,AU-WA,YNUL,YNUL
YNUM,small_airport,Numbulwar Airport,-14.2717,135.716995,,AU-NT,YNUM,YNUM
YNUT,small_airport,Nutwood Downs Airport,-15.8074,134.1459,Nutwood Downs,AU-NT,,YNUT
YNVE,small_airport,Navarre Airport,-36.920929,143.091103,,AU-VIC,,YNVE
YNVL,small_airport,Normanville Airport,-35.78329849243164,143.6999969482422,,AU-VIC,,YNVL
YNWL,small_airport,North Well Airport,-30.839328,135.297822,,AU-SA,,YNWL
YNWN,medium_airport,Newman Airport,-23.417800903299998,119.803001404,Newman,AU-WA,YNWN,YNWN
YNWT,small_airport,Narwietooma Airport,-23.228786,132.629378,,AU-NT,,YNWT
YNYG,small_airport,Nyang Airport,-23.033300399780273,115.03299713134766,,AU-WA,,YNYG
YNYM,small_airport,Nymagee Airport,-32.053972,146.31227,,AU-NSW,,YNYM
YNYN,small_airport,Nyngan Airport,-31.550645,147.202973,,AU-NSW,YNYN,YNYN
YNYP,small_airport,Nyapari Airport,-26.187955,130.192291,Nyapari,AU-SA,,YNYP
YOAD,small_airport,Old Andado Airport,-25.38330078125,135.41700744628906,,AU-NT,,YOAD
YOAP,small_airport,One Arm Point Airport,-16.445423,123.068388,Dampier Peninsula,AU-WA,,YOAP
YOAS,small_airport,The Oaks Airport,-34.084097,150.559602,The Oaks,AU-NSW,,YOAS
YOAY,small_airport,Oaky Creek Airport,-23.057324,148.495846,,AU-QLD,,YOAY
YOBE,heliport,Oberon Heliport,-33.7007,149.856,Oberon,AU-NSW,,YOBE
YOBN,small_airport,Oban Airport,-21.234797,139.033231,Oban,AU-QLD,YOBN,YOBN
YOBR,small_airport,Old Bar Heritage Airport,-31.9653,152.591003,,AU-NSW,,YOBR
YODA,small_airport,Ooldea Airport,-30.45669937133789,131.822998046875,,AU-SA,,YODA
YODL,small_airport,Ourdel Airport,-25.350000381469727,142.63299560546875,,AU-QLD,,YODL
YOEH,heliport,Orange East Heliport,-33.317222,149.148056,Orange,AU-NSW,,YOEH
YOEN,small_airport,Oenpelli Airport,-12.325,133.005997,,AU-NT,YOEN,YOEN
YOIT,small_airport,Orielton Airport,-22.062854,144.139037,Tablederry,AU-QLD,,YOIT
YOKE,small_airport,Oakvale Airport,-22.298889,145.983611,,AU-QLD,,YOKE
YOKV,small_airport,Oak Valley Airport,-29.516700744628906,130.86700439453125,,AU-SA,,YOKV
YOLA,small_airport,Colac Airport,-38.286701,143.679993,Colac Otway Shire,AU-VIC,YOLA,YOLA
YOLD,small_airport,Olympic Dam Airport,-30.483861,136.876699,Olympic Dam,AU-SA,YOLD,YOLD
YOLW,small_airport,Onslow Airport,-21.670161,115.114902,,AU-WA,YOLW,YOLW
YOLY,small_airport,Oxley Station Airport,-31.0132999420166,147.71099853515625,,AU-NSW,,YOLY
YOMI,small_airport,Omicron Station Airport,-28.760427,141.208788,,AU-QLD,,YOMI
YOMO,small_airport,Omeo Airport,-37.10662,147.606578,,AU-VIC,,YOMO
YOOD,small_airport,Oodnadatta Airport,-27.562473,135.442946,,AU-SA,YOOD,YOOD
YOOK,small_airport,Cook Airport,-30.61829948425293,130.406005859375,,AU-SA,,YOOK
YOOM,small_airport,Moomba Airport,-28.0994,140.197006,Moomba,AU-SA,YOOM,YOOM
YOOO,small_airport,Mooloola Homestead Airport,-16.33329963684082,131.5,,AU-NT,,YOOO
YORA,small_airport,Moonerah Airport,-31.691413,126.590523,,AU-WA,,YORA
YORB,small_airport,Orbost Airport,-37.790000915527344,148.61000061035156,,AU-VIC,YORB,YORB
YORC,small_airport,Orchid Beach Airport,-24.959400177002,153.31500244141,Orchid Beach,AU-QLD,YORC,YORC
YORG,medium_airport,Orange Airport,-33.382014,149.131262,Orange,AU-NSW,YORG,YORG
YORL,small_airport,Orleans Farm Airport,-33.78329849243164,122.94999694824219,,AU-WA,,YORL
YORR,small_airport,Orroroo Airport,-32.791013,138.672068,,AU-SA,,YORR
YORT,small_airport,Ooratippra Airport,-21.905799865722656,136.06900024414062,,AU-NT,,YORT
YORV,small_airport,Ord River Airport,-17.34079933166504,128.91200256347656,Ord River,AU-WA,YORV,YORV
YORW,small_airport,Orient Well Airport,-29.199199676513672,121.43800354003906,,AU-WA,,YORW
YOSB,small_airport,Osborne Mine Airport,-22.0816993713,140.554992676,,AU-QLD,YOSB,YOSB
YOTN,small_airport,Ootann Airport,-17.442825,144.64672,,AU-QLD,,YOTN
YOUN,small_airport,Youanmi Airport,-28.614999771118164,118.84200286865234,,AU-WA,,YOUN
YOUY,small_airport,Ouyen Airport,-35.088819,142.354778,Ouyen,AU-VIC,YOUY,YOUY
YPAC,small_airport,Pacific Haven Airport,-25.241123,152.542849,,AU-QLD,,YPAC
YPAD,large_airport,Adelaide International Airport,-34.947512,138.533393,Adelaide,AU-SA,YPAD,YPAD
YPAG,medium_airport,Port Augusta Airport,-32.506900787353516,137.7169952392578,,AU-SA,YPAG,YPAG
YPAM,small_airport,Palm Island Airport,-18.755301,146.580994,,AU-QLD,YPAM,YPAM
YPAY,small_airport,Papunya Airport,-23.246700286865234,131.9029998779297,,AU-NT,,YPAY
YPBH,small_airport,Peterborough Airport,-38.607162,142.903826,,AU-VIC,,YPBH
YPBO,medium_airport,Paraburdoo Airport,-23.1711006165,117.745002747,Paraburdoo,AU-WA,YPBO,YPBO
YPCE,small_airport,Pooncarie Airport,-33.373263,142.586439,,AU-NSW,,YPCE
YPCH,small_airport,Patchewollock Airport,-35.369945,142.193899,Patchewollock,AU-VIC,,YPCH
YPCM,small_airport,Pickertaramoor Airstrip,-11.762351,130.880878,Pickertaramoor,AU-NT,,YPCM
YPCS,small_airport,Pinnacles Homestead Airport,-28.200000762939453,120.43299865722656,,AU-WA,,YPCS
YPDA,small_airport,Parndana Airport,-35.807,137.264,Kangaroo Island,AU-SA,,YPDA
YPDI,small_airport,Pandie Pandie Airport,-26.122248,139.403501,,AU-SA,YPDI,YPDI
YPDN,large_airport,Darwin International Airport / RAAF Darwin,-12.41497,130.88185,Darwin,AU-NT,YPDN,YPDN
YPDO,small_airport,Pardoo Airport,-20.119428,119.571945,Pardoo,AU-WA,YPDO,YPDO
YPDY,small_airport,Padthaway Station Airport,-36.61669921875,140.48300170898438,,AU-SA,,YPDY
YPEA,medium_airport,RAAF Base Pearce,-31.667800903320312,116.01499938964844,Bullsbrook,AU-WA,,YPEA
YPED,medium_airport,RAAF Base Edinburgh,-34.705705,138.615564,Adelaide,AU-SA,YPED,YPED
YPEF,small_airport,Sunbury (Penfield) Airfield,-37.511586,144.700299,Sunbury,AU-VIC,,YPEF
YPEN,small_airport,Penny Aerodrome,-28.82911,118.830957,,AU-WA,,YPEN
YPFT,small_airport,Cooma/Polo Flat Airport,-36.228277,149.149942,,AU-NSW,,YPFT
YPGH,small_airport,Pigeon Hole Airport,-16.820474,131.205577,,AU-NT,,YPGH
YPGV,medium_airport,Gove Airport,-12.269399642899998,136.817993164,Nhulunbuy,AU-NT,YPGV,YPGV
YPHP,heliport,Port Campbell Heliport,-38.628889,143.040556,Port Campbell,AU-VIC,,YPHP
YPHS,small_airport,Pine Hill Station Airport,-22.386977,133.06025,Anmatjere,AU-NT,,YPHS
YPHU,small_airport,Port Hurd Airstrip,-11.690986,130.197805,Bathurst Island,AU-NT,,YPHU
YPID,heliport,Phillip Island Heliport,-38.520689,145.328457,Newhaven,AU-VIC,,YPID
YPIN,small_airport,Pinnacle Airport,-15.66670036315918,143.5500030517578,,AU-QLD,,YPIN
YPIR,medium_airport,Port Pirie Airport,-33.238899,137.994995,,AU-SA,YPIR,YPIR
YPIX,small_airport,Pia Airport,-27.188883,116.28242,,AU-WA,,YPIX
YPIY,small_airport,Pingelly Airport,-32.540000915527344,117.072998046875,,AU-WA,,YPIY
YPJI,small_airport,Perenjori Airport,-29.426497,116.283803,,AU-WA,,YPJI
YPJT,medium_airport,Perth Jandakot Airport,-32.09749984741211,115.88099670410156,Perth,AU-WA,YPJT,YPJT
YPKA,medium_airport,Karratha Airport,-20.712200164799995,116.773002625,Karratha,AU-WA,YPKA,YPKA
YPKE,small_airport,Peake Airport,-28.25,135.89999389648438,,AU-SA,,YPKE
YPKG,medium_airport,Kalgoorlie Boulder Airport,-30.791543,121.464586,Broadwood,AU-WA,YPKG,YPKG
YPKH,small_airport,Peak Hill Airport,-32.731204,148.21098,,AU-NSW,,YPKH
YPKI,small_airport,Parakylia Airport,-30.399999618530273,136.39199829101562,,AU-SA,,YPKI
YPKL,small_airport,Puckapunyal (Military) Airport,-36.998062,145.064181,Puckapunyal,AU-VIC,,YPKL
YPKS,medium_airport,Parkes Airport,-33.131401062,148.238998413,Parkes,AU-NSW,YPKS,YPKS
YPKT,medium_airport,Port Keats Airport,-14.249701,129.529538,Wadeye,AU-NT,,YPKT
YPKU,medium_airport,East Kimberley Regional (Kununurra) Airport,-15.7781,128.707993,Kununurra,AU-WA,YPKU,YPKU
YPLC,medium_airport,Port Lincoln Airport,-34.6053009033,135.880004883,Port Lincoln,AU-SA,YPLC,YPLC
YPLG,small_airport,Pilliga Airport,-30.36669921875,148.88299560546875,,AU-NSW,,YPLG
YPLI,small_airport,Palmers Island/Yamba Airport,-29.445876,153.270628,,AU-NSW,,YPLI
YPLL,small_airport,Peak Hill Airport,-25.611306,118.696654,Peak Hill,AU-WA,,YPLL
YPLM,medium_airport,Learmonth Airport,-22.235201,114.090024,Exmouth,AU-WA,YPLM,YPLM
YPLU,small_airport,Plutonic Airport,-25.3333,119.425003,,AU-WA,,YPLU
YPMB,small_airport,Plumbago Airport,-32.05329895019531,139.8719940185547,,AU-SA,,YPMB
YPME,small_airport,Palmer Airport,-12.83329963684082,130.93299865722656,,AU-NT,,YPME
YPMH,small_airport,Prominent Hill Airport,-29.716,135.5244,Mount Eba,AU-SA,YPMH,YPMH
YPMP,small_airport,Pormpuraaw Airport,-14.896451,141.60908,Pormpuraaw,AU-QLD,YPMP,YPMP
YPMQ,medium_airport,Port Macquarie Airport,-31.4358005524,152.863006592,Port Macquarie,AU-NSW,YPMQ,YPMQ
YPNA,small_airport,Pinnarendi Airstrip,-18.038402,144.883296,,AU-QLD,,YPNA
YPNC,small_airport,Pine Creek Airport,-13.825914,131.845764,,AU-NT,,YPNC
YPNG,small_airport,Penong Airport,-31.916700363159,133,Penong,AU-SA,,YPNG
YPNI,small_airport,Prenti Downs Airport,-26.523921,122.81142,,AU-WA,,YPNI
YPNN,small_airport,Pinnaroo Airport,-35.253299713134766,140.9429931640625,,AU-SA,,YPNN
YPNW,small_airport,Pannawonica Airport,-21.628708,116.319315,,AU-WA,,YPNW
YPOD,medium_airport,Portland Airport,-38.31809997558594,141.4709930419922,,AU-VIC,YPOD,YPOD
YPOK,small_airport,Porepunkah Airport,-36.717731,146.890039,,AU-VIC,YPOK,YPOK
YPOP,small_airport,Porphyry Airport,-29.775926,122.268906,Kookynie,AU-WA,,YPOP
YPPD,large_airport,Port Hedland International Airport,-20.382787,118.629789,Port Hedland,AU-WA,YPPD,YPPD
YPPF,small_airport,Adelaide Parafield Airport,-34.793300628699996,138.632995605,Adelaide,AU-SA,,YPPF
YPPH,large_airport,Perth International Airport,-31.94029998779297,115.96700286865234,Perth,AU-WA,YPPH,YPPH
YPRA,small_airport,Prairie Airport,-36.30720138549805,144.13900756835938,,AU-VIC,,YPRA
YPRC,heliport,Prince Charles Hospital Helipad,-27.38761,153.02411,Brisbane,AU-QLD,,YPRC
YPRE,small_airport,Premer Betoota Airport,-31.476900100708008,149.9029998779297,,AU-NSW,,YPRE
YPRI,heliport,Princess Alexandra Hospital Helipad,-27.50018,153.0338,Brisbane,AU-QLD,,YPRI
YPSH,small_airport,Penneshaw Airport,-35.7558462874,137.962875366,Ironstone,AU-SA,YPSH,YPSH
YPSR,heliport,Perisher Valley Medical Centre Helipad,-36.40515,148.41471,Jindabyne,AU-NSW,,YPSR
YPTB,small_airport,Peterborough Airport,-33.005001068115234,138.85800170898438,,AU-SA,,YPTB
YPTJ,small_airport,Patjarr Airport,-24.6189002991,126.327003479,Patjarr,AU-WA,,YPTJ
YPTN,medium_airport,Tindal Airport,-14.521100044250488,132.3780059814453,,AU-NT,YPTN,YPTN
YPUA,small_airport,Palumpa Airport,-14.339982,129.864062,Nganmarriyanga,AU-NT,,YPUA
YPUG,small_airport,Pungalina Airport,-16.721944,137.423333,,AU-NT,,YPUG
YPUN,small_airport,Punmu Airport,-22.066699981689453,123.16699981689453,,AU-WA,,YPUN
YPVD,small_airport,Plevna Downs Airport,-26.66670036315918,142.58299255371094,,AU-QLD,,YPVD
YPWH,small_airport,Pittsworth Airport,-27.733721,151.632365,Pittsworth,AU-QLD,,YPWH
YPWR,small_airport,Woomera Airfield,-31.144199,136.817001,Woomera,AU-SA,YPWR,YPWR
YPXR,heliport,Portland Hospital Helipad,-38.341439,141.606267,Portland,AU-VIC,YPXR,YPXR
YPYA,small_airport,Palmyra Airstrip,-21.21157,149.07654,,AU-QLD,,YPYA
YPYD,small_airport,Pyramid Hill Airport,-36.060618,144.126763,,AU-VIC,,YPYD
YPYF,small_airport,Paynes Find Airport,-29.262055,117.668958,,AU-WA,,YPYF
YQBE,small_airport,Quambone Royona Airport,-30.879199981689453,147.8419952392578,,AU-NSW,,YQBE
YQBK,small_airport,Quambatook Airport,-35.856642,143.514469,,AU-VIC,,YQBK
YQDG,small_airport,Quairading Airport,-32.004992,117.417605,,AU-WA,,YQDG
YQDI,small_airport,Quirindi Airport,-31.498177,150.521708,,AU-NSW,YQDI,YQDI
YQLP,medium_airport,Quilpie Airport,-26.609176,144.253746,,AU-QLD,YQLP,YQLP
YQNS,small_airport,Queenstown Airport,-42.075731,145.530088,,AU-TAS,YQNS,YQNS
YQON,small_airport,Quondong Airport,-33.08676,140.329871,Quondong,AU-SA,,YQON
YQRN,small_airport,Quorn Airport,-32.325029,138.105542,,AU-SA,YQRN,YQRN
YQUA,small_airport,Quarry2 Airport,-30.29146,134.526815,Tarcoola,AU-SA,,YQUA
YQUE,small_airport,Questa Park Airport,-30.391700744628906,143.14199829101562,,AU-NSW,,YQUE
YRAG,small_airport,Raglan Airport,-37.3773873391,143.305664062,,AU-VIC,,YRAG
YRAM,small_airport,Raymore Homestead Airport,-26.149999618530273,143.01699829101562,,AU-QLD,,YRAM
YRAT,small_airport,Abrolhos Rat Island,-28.7197,113.7845,,AU-WA,,YRAT
YRAV,small_airport,Ravensthorpe Airport,-33.539033,119.949613,,AU-WA,,YRAV
YRAW,small_airport,Rawlinna Airport,-31.01298,125.326989,,AU-WA,,YRAW
YRBB,small_airport,Rainbow Beach Airport,-25.85211,153.069248,,AU-QLD,,YRBB
YRBC,heliport,Royal Brisbane Hospital Helipad Charlie,-27.44993,153.02759,Brisbane,AU-QLD,,YRBC
YRBE,small_airport,Robe Airport,-37.1753636288,139.805231094,Robe,AU-SA,,YRBE
YRBH,heliport,Royal Brisbane Hospital Helipad Alpha,-27.44705,153.02827,Brisbane,AU-QLD,,YRBH
YRBK,heliport,Robertson Barracks Heliport,-12.4255,130.9732,Holtze,AU-NT,,YRBK
YRBM,small_airport,Redbank Mine Airport,-17.183300018310547,137.76699829101562,,AU-NT,,YRBM
YRBN,small_airport,Robertson Airstrip,-34.6449,150.6421,Carrington Falls,AU-NSW,,YRBN
YRBR,small_airport,Robinson River Airport,-16.7182998657,136.945007324,,AU-NT,,YRBR
YRBT,small_airport,Rabbit Flat Airport,-20.183300018310547,130.01699829101562,,AU-NT,,YRBT
YRBW,small_airport,Rainbow Airport,-35.907826,141.977863,,AU-VIC,,YRBW
YRCD,heliport,Rochedale Helipad,-27.578889,153.130833,Rocklea,AU-QLD,,YRCD
YRDA,small_airport,Yardea Airport,-32.40999984741211,135.48500061035156,,AU-SA,,YRDA
YRDM,small_airport,Redmont Airport,-21.977036,119.017038,,AU-WA,,YRDM
YRDS,small_airport,Richmond Downs Airfield,-20.577274,143.301061,Richmond,AU-QLD,,YRDS
YRDY,small_airport,Reedys Airport,-27.124358,118.279386,,AU-WA,,YRDY
YRED,small_airport,Redcliffe Airport,-27.205605,153.068712,Redcliffe,AU-QLD,,YRED
YREN,medium_airport,Renmark Airport,-34.1964,140.673996,,AU-SA,YREN,YREN
YRHL,small_airport,Red Hill Station Airport,-21.969539,116.062408,,AU-WA,,YRHL
YRHO,heliport,Royal Childrens Hospital Helipad,-37.794058,144.951309,Melbourne,AU-VIC,,YRHO
YRID,small_airport,Riddell Airport,-37.478705,144.721098,Clarkefield,AU-VIC,,YRID
YRKE,small_airport,Kuruc-A-Ruc South Airport,-37.899578,143.709755,Rokewood,AU-VIC,,YRKE
YRKS,small_airport,Rocklands Airport,-19.86669921875,138.10000610351562,,AU-QLD,,YRKS
YRLE,small_airport,Rocklea Airport,-22.88330078125,117.44999694824219,,AU-WA,,YRLE
YRLH,small_airport,Riversleigh Airport,-19.029167,138.737778,Riversleigh,AU-QLD,,YRLH
YRLL,small_airport,Rolleston Airport,-24.460939,148.627424,,AU-QLD,,YRLL
YRLO,small_airport,Rollo's Aerodrome,-35.0371,139.1869,Pallamana,AU-SA,,YRLO
YRMD,small_airport,Richmond Airport,-20.701900482177734,143.11500549316406,,AU-QLD,YRMD,YRMD
YRMH,heliport,Royal Melbourne Hospital Helipad,-37.799243,144.95593,Melbourne,AU-VIC,,YRMH
YRNG,small_airport,Ramingining Airport,-12.356399536132812,134.8979949951172,,AU-NT,YRNG,YRNG
YRNW,small_airport,Ringwood Airport,-23.82830047607422,134.96200561523438,,AU-NT,,YRNW
YROB,small_airport,Robinhood Airport,-18.844999313354492,143.7100067138672,,AU-QLD,YROB,YROB
YROE,small_airport,Roebourne Airport,-20.763898,117.155199,Roebourne,AU-WA,YROE,YROE
YROI,small_airport,Robinvale Airport,-34.642887,142.773042,Robinvale,AU-VIC,YROI,YROI
YROK,small_airport,Rocky River Airport,-35.93000030517578,136.72000122070312,,AU-SA,,YROK
YROM,medium_airport,Roma Airport,-26.545000076300003,148.774993896,Roma,AU-QLD,YROM,YROM
YROT,small_airport,Rothsay Mine Airport,-29.293772,116.890068,Rothsay,AU-WA,,YROT
YROV,small_airport,Ross River Airport,-23.599199295043945,134.51699829101562,,AU-NT,,YROV
YRRB,small_airport,Roper Bar Airport,-14.734814,134.525485,Roper Bar,AU-NT,YRRB,YRRB
YRRG,small_airport,Rhodes Ridge Airport,-23.101636,119.358867,,AU-WA,,YRRG
YRRR,small_airport,Raymangirr Airport,-12.33329963684082,135.64999389648438,,AU-NT,,YRRR
YRSB,small_airport,Roseberth Airport,-25.825737,139.627476,,AU-QLD,YRSB,YRSB
YRSH,heliport,Rosehill Heliport Airport,-33.8300966368,151.024138927,,AU-NSW,,YRSH
YRSK,small_airport,Ringer Soak Airport,-18.78860092163086,128.62399291992188,,AU-WA,,YRSK
YRST,small_airport,Rostella Airport,-41.332695,147.049937,Dilston,AU-TAS,,YRST
YRSV,small_airport,Rosevale Resort Airport,-27.13330078125,145.89999389648438,,AU-QLD,,YRSV
YRSY,small_airport,Romsey Airport,-37.392401,144.737796,Romsey,AU-VIC,,YRSY
YRTI,small_airport,Rottnest Island Airport,-32.006699,115.540001,,AU-WA,YRTI,YRTI
YRTP,small_airport,Rutland Plains Airport,-15.644963,141.844373,Yagoonya,AU-QLD,YRTP,YRTP
YRUD,small_airport,Rudal River Airport,-22.558073,122.14806,,AU-WA,,YRUD
YRVE,small_airport,Riveren Airport,-17.899999618530273,130.2169952392578,,AU-NT,,YRVE
YRVL,small_airport,Rose Vale Airport,-34.849444,147.780278,,AU-NSW,,YRVL
YRWA,small_airport,Rawlinna Station Airport,-31.030762,125.19467,,AU-WA,,YRWA
YRWF,small_airport,Rowland Flat Airstrip,-34.563492,138.949719,,AU-SA,,YRWF
YRWH,small_airport,Ravensworth Airport,-34.649661,144.319775,,AU-NSW,,YRWH
YRXB,small_airport,Roxby Downs Station Airport,-30.708437,136.71067,,AU-SA,,YRXB
YRYH,small_airport,Roy Hill Station Airport,-22.625815891,119.959030151,,AU-WA,YRYH,YRYH
YRYK,small_airport,Rawnsley Park Airport,-31.653528213500977,138.60952758789062,,AU-SA,,YRYK
YRYL,small_airport,Rylstone Aerodrome,-32.770903,149.993227,Rylstone,AU-NSW,,YRYL
YRYP,heliport,Rayner Place Heliport,-34.862795,148.933818,Yass,AU-NSW,,YRYP
YSAH,small_airport,Sandhill Airport,-22.799999237060547,119.61699676513672,,AU-WA,,YSAH
YSAI,small_airport,Saipem Airport,-23.700000762939453,131.86700439453125,,AU-NT,,YSAI
YSAN,small_airport,Sandstone Airport,-27.979999542236328,119.2969970703125,Sandstone,AU-WA,YSAN,YSAN
YSAR,small_airport,Mount Sarah Airport,-27.043100357055664,135.24200439453125,,AU-SA,,YSAR
YSAW,small_airport,Sawfish Camp Airport,-15.128623,135.00993,,AU-NT,,YSAW
YSBG,small_airport,Strathbogie Airport,-36.85499954223633,145.73800659179688,,AU-VIC,,YSBG
YSBO,small_airport,Stanbroke Airport,-21.566699981689453,139.7169952392578,,AU-QLD,,YSBO
YSCA,small_airport,Scotia Sanctuary Airport,-33.207199096699995,141.17300415,,AU-NSW,,YSCA
YSCB,medium_airport,Canberra Airport,-35.3069,149.195007,Canberra,AU-ACT,YSCB,YSCB
YSCD,small_airport,Carosue Dam Airport,-30.173611,122.322222,Cundeelee,AU-WA,,YSCD
YSCO,small_airport,Scone Airport,-32.038012,150.831966,,AU-NSW,YSCO,YSCO
YSCR,small_airport,Southern Cross Airport,-31.24,119.360001,,AU-WA,YSCR,YSCR
YSDL,small_airport,Sudley Airport,-12.716843,142.36666,,AU-QLD,,YSDL
YSDN,small_airport,Soudan Station Airport,-20.043907,137.019253,,AU-NT,,YSDN
YSDU,medium_airport,Dubbo City Regional Airport,-32.2167015076,148.574996948,Dubbo,AU-NSW,YSDU,YSDU
YSDW,small_airport,Strathdownie Airport,-37.7317008972168,141.125,,AU-VIC,,YSDW
YSEA,small_airport,Sedan Airfield,-34.569014,139.334139,,AU-SA,,YSEA
YSEN,small_airport,Serpentine Airport,-32.394966,115.870987,,AU-WA,YSEN,YSEN
YSFG,small_airport,Stonefield Gliding,-34.343755,139.310031,Steinfeld,AU-SA,,YSFG
YSFI,small_airport,Sandfire Airport,-19.77206,121.090661,Eighty Mile Beach,AU-WA,,YSFI
YSFY,small_airport,Sandfly Airport,-42.982337,147.209287,,AU-TAS,,YSFY
YSGD,small_airport,Strathgordon Airport,-14.795000076293945,142.43299865722656,,AU-QLD,,YSGD
YSGE,small_airport,St George Airport,-28.049699783325195,148.59500122070312,,AU-QLD,YSGE,YSGE
YSGR,small_airport,South Grafton Airport,-29.70829963684082,152.92799377441406,,AU-NSW,,YSGR
YSGT,small_airport,Singleton Airport,-32.600832,151.193056,Singleton,AU-NSW,YSGT,YSGT
YSGW,small_airport,South Galway Airport,-25.67464,142.089171,,AU-QLD,YSGW,YSGW
YSHG,small_airport,Shay Gap Airport,-20.4247,120.140999,Shay Gap,AU-WA,YSHG,YSHG
YSHK,medium_airport,Shark Bay Airport,-25.897294,113.575802,Denham,AU-WA,YSHK,YSHK
YSHL,medium_airport,Shellharbour Airport,-34.5611,150.789001,Albion Park Rail,AU-NSW,YSHL,YSHL
YSHN,small_airport,Shannon River Airport,-34.74617,116.491728,,AU-WA,,YSHN
YSHR,small_airport,Shute Harbour/Whitsunday Airport,-20.276127,148.754979,Shute Harbour,AU-QLD,YSHR,YSHR
YSHT,medium_airport,Shepparton Airport,-36.428341,145.391473,,AU-VIC,YSHT,YSHT
YSHW,small_airport,Holsworthy (Military) Airport,-33.995575,150.951962,Luscombe,AU-NSW,,YSHW
YSIA,small_airport,Siam Airport,-32.557498931884766,136.70899963378906,Siam,AU-SA,,YSIA
YSII,small_airport,Saibai Island Airport,-9.37833,142.625,Saibai Island,AU-QLD,YSII,YSII
YSLE,small_airport,St Leonards Airfield,-38.170101165771484,144.68899536132812,,AU-VIC,,YSLE
YSLG,small_airport,Silent Grove Airport,-17.066699981689453,125.25,,AU-WA,,YSLG
YSLK,small_airport,Sea Lake Airport,-35.530594,142.889879,,AU-VIC,,YSLK
YSLN,small_airport,Strathleven Airport,-15.898300170898438,143.38299560546875,,AU-QLD,,YSLN
YSLV,small_airport,Sylvania Homestead Airport,-23.55757,120.047064,,AU-WA,,YSLV
YSMB,small_airport,Somersby Airstrip,-33.367681,151.299806,Gosford,AU-NSW,YSMB,YSMB
YSMI,medium_airport,Smithton Airport,-40.834999084472656,145.08399963378906,,AU-TAS,YSMI,YSMI
YSML,heliport,South Molle Island Helipad,-20.2622,148.8399,South Molle Island Resort,AU-QLD,,YSML
YSMP,small_airport,Smith Point Airport,-11.133566,132.15957,,AU-NT,YSMP,YSMP
YSMR,small_airport,Strathmore Airport,-17.862709,142.557788,Strathmore,AU-QLD,YSMR,YSMR
YSMY,small_airport,Strathmay Airport,-14.883299827575684,142.802001953125,,AU-QLD,,YSMY
YSNB,medium_airport,Snake Bay Airport,-11.417674,130.648481,Milikapiti,AU-NT,YSNK,YSNK
YSNC,small_airport,Sinclair Airport,-28.338849,120.854438,Sinclair,AU-WA,,YSNC
YSNT,small_airport,Snowtown Airport,-33.79999923706055,138.36700439453125,,AU-SA,,YSNT
YSNW,medium_airport,Naval Air Station Nowra - HMAS Albatross,-34.9466,150.542451,Nowra Hill,AU-NSW,YSNW,YSNW
YSNY,small_airport,Sunnyside (Walla Walla) Airport,-35.764167,146.908889,,AU-NSW,,YSNY
YSOL,small_airport,Solomon Airport,-22.25677,117.850454,Karijini National Park,AU-WA,YSOL,YSOL
YSOW,small_airport,Southwell Airport,-14.51669979095459,142.0330047607422,,AU-QLD,,YSOW
YSPE,small_airport,Stanthorpe Airport,-28.620113,151.983281,,AU-QLD,YSPE,YSPE
YSPF,small_airport,Springfield Airport,-24.297984,144.878313,Isisford,AU-QLD,,YSPF
YSPI,small_airport,Springsure Airport,-24.130167,148.086047,,AU-QLD,,YSPI
YSPK,small_airport,Spring Creek Airport,-18.637704,144.545672,,AU-QLD,YSPK,YSPK
YSPT,small_airport,Southport Airport,-27.921848,153.371469,,AU-QLD,YSPT,YSPT
YSPV,small_airport,Springvale Airport,-23.549999,140.699997,,AU-QLD,YSPV,YSPV
YSRD,small_airport,Sunrise Dam Airport,-29.099022,122.456253,Laverton,AU-WA,,YSRD
YSRN,small_airport,Strahan Airport,-42.154999,145.292007,,AU-TAS,YSRN,YSRN
YSRT,small_airport,Surat Airport,-27.159519,149.076919,,AU-QLD,,YSRT
YSTA,small_airport,Saint Arnaud Airport,-36.6367,143.186005,,AU-VIC,,YSTA
YSTB,small_airport,Strathburn Airport,-14.477416,142.824628,Holroyd River,AU-QLD,,YSTB
YSTC,small_airport,Stuart Creek Airport,-29.716699600219727,137.06300354003906,Stuart Creek,AU-SA,,YSTC
YSTH,small_airport,St Helens Airport,-41.336700439453125,148.28199768066406,,AU-TAS,YSTH,YSTH
YSTO,small_airport,Stonehenge Airport,-24.352599,143.297482,Stonehenge,AU-QLD,,YSTO
YSTR,small_airport,Strathearn Airport,-31.766700744628906,140.33299255371094,,AU-SA,,YSTR
YSTT,small_airport,Santa Teresa Airport,-24.11829948425293,134.38999938964844,,AU-NT,,YSTT
YSTW,medium_airport,Tamworth Airport,-31.077898,150.845484,Tamworth,AU-NSW,YSTW,YSTW
YSUJ,small_airport,Supplejack Downs Airport,-19.266700744628906,129.9499969482422,,AU-NT,,YSUJ
YSUM,heliport,Summerhill Road Helipad,-35.267872,138.919914,Strathalbyn,AU-SA,,YSUM
YSVH,small_airport,Silver Hills Airport,-20.598557,143.077971,,AU-QLD,,YSVH
YSVN,small_airport,Strathaven Airport,-14.899999618530273,142.9669952392578,,AU-QLD,,YSVN
YSVP,small_airport,Silver Plains Airport,-13.9754,143.5537,Silver Plains,AU-QLD,,YSVP
YSWA,small_airport,Swansea Airport,-42.099425,148.070362,,AU-TAS,,YSWA
YSWE,small_airport,Sweers Island Resort Airport,-17.124289,139.603602,Sweers Island,AU-QLD,,YSWE
YSWG,medium_airport,Wagga Wagga Airport,-35.163484,147.46832,Forest Hill,AU-NSW,YSWG,YSWG
YSWH,medium_airport,Swan Hill Airport,-35.37580108642578,143.5330047607422,,AU-VIC,YSWH,YSWH
YSWI,small_airport,Swan Island Airport,-40.72956,148.116549,Swan Island,AU-TAS,,YSWI
YSWK,small_airport,South West Rocks Airport,-30.9246,153.0276,South West Rocks,AU-NSW,,YSWK
YSWL,medium_airport,Stawell Airport,-37.07170104980469,142.74099731445312,,AU-VIC,YSWL,YSWL
YSYN,small_airport,Strathalbyn Airport,-35.317766,139.000023,Strathalbyn,AU-SA,,YSYN
YTAA,small_airport,Tara Airport,-27.163054,150.476423,,AU-QLD,YTAA,YTAA
YTAB,small_airport,Tableland Homestead Airport,-17.2833003998,126.900001526,,AU-WA,YTAB,YTAB
YTAD,small_airport,Tandou Lake Airport,-32.665885,142.066773,,AU-NSW,,YTAD
YTAM,small_airport,Taroom Airport,-25.801701,149.899994,,AU-QLD,YTAM,YTAM
YTAN,small_airport,Tanami Downs Airport,-20.573654174804688,129.74012756347656,,AU-NT,,YTAN
YTAR,small_airport,Tarcoola Airport,-30.702871,134.58282,Tarcoola,AU-SA,,YTAR
YTBB,small_airport,Tumby Bay Airport,-34.361698,136.095001,,AU-SA,,YTBB
YTBG,small_airport,Talbingo Airport,-35.582902,148.292116,,AU-NSW,,YTBG
YTBR,small_airport,Timber Creek Airport,-15.62,130.445007,,AU-NT,YTBR,YTBR
YTCF,small_airport,Tracies Field,-22.316699981689453,122.06700134277344,,AU-WA,,YTCF
YTCK,small_airport,Torrens Creek Airport,-20.783300399780273,145,,AU-QLD,,YTCK
YTCY,small_airport,Tarcoonyinna Airport,-26.757104,133.358574,De Rose Hill,AU-SA,,YTCY
YTDL,heliport,Tidal River Heliport,-39.03146,146.328529,Wilsons Promontory,AU-VIC,,YTDL
YTDM,small_airport,Todmorden Airport,-27.12420082092285,134.77000427246094,,AU-SA,,YTDM
YTDN,small_airport,Tooradin Airport,-38.215856,145.4232,,AU-VIC,,YTDN
YTDR,small_airport,Theodore Airport,-24.986796,150.093076,,AU-QLD,YTDR,YTDR
YTEC,small_airport,Tenneco Station Three Airport,-30.336700439453125,139.6649932861328,,AU-SA,,YTEC
YTEE,small_airport,Trepell Airport,-21.834999084473,140.88800048828,Trepell,AU-QLD,YTEE,YTEE
YTEF,medium_airport,Telfer Airport,-21.715,122.228996,,AU-WA,YTEF,YTEF
YTEK,heliport,Sikorsky Helitech Heliport,-27.433,153.115,Pinkenba - Brisbane,AU-QLD,,YTEK
YTEM,medium_airport,Temora Airport,-34.421398,147.511993,Temora,AU-NSW,YTEM,YTEM
YTEN,small_airport,Tenneco Station Five Airport,-31.975000381469727,139.20700073242188,,AU-SA,,YTEN
YTFA,small_airport,Truro Flat Airpark,-34.3963,139.379817,Truro Flat,AU-SA,,YTFA
YTFD,small_airport,Tenterfield Airport,-28.99155,151.930103,Tenterfield,AU-NSW,,YTFD
YTGA,small_airport,Tangalooma Airport,-27.137693,153.364141,,AU-QLD,YTGA,YTGA
YTGG,small_airport,Taggerty Airport,-37.35049819946289,145.6999969482422,,AU-VIC,,YTGG
YTGI,small_airport,Trangie Airport,-31.97641,148.003929,,AU-NSW,,YTGI
YTGM,medium_airport,Thargomindah Airport,-27.986368,143.812065,Thargomindah,AU-QLD,YTGM,YTGM
YTGT,small_airport,The Granites Airport,-20.5483,130.347,The Granites Gold Mine,AU-NT,YTGT,YTGT
YTGV,small_airport,The Grove Airport,-34.68600082397461,148.10400390625,,AU-NSW,,YTGV
YTHD,small_airport,Theda Station Airport,-14.790567,126.498041,Drysdale River,AU-WA,YTHD,YTHD
YTHI,small_airport,Thistle Island Airport,-35.02470016479492,136.17999267578125,Thistle Island,AU-SA,,YTHI
YTHN,small_airport,Thunderbox Airport,-28.153333,120.94,Leinster,AU-WA,,YTHN
YTHR,small_airport,Three Rivers Homestead Airport,-25.138328,119.105061,,AU-WA,,YTHR
YTHS,small_airport,Three Springs Airport,-29.527910929900003,115.858039856,,AU-WA,,YTHS
YTHV,small_airport,Thevenard Island Airport,-21.459321,115.014256,,AU-WA,,YTHV
YTHY,small_airport,Thylungra Airport,-26.093047,143.45136,,AU-QLD,YTHY,YTHY
YTIB,medium_airport,Tibooburra Airport,-29.451099,142.057999,,AU-NSW,YTIB,YTIB
YTII,small_airport,Trinidad Airport,-25.600000381469727,143.91700744628906,,AU-QLD,,YTII
YTIN,small_airport,Tintinara Airport,-35.870445,140.07283,,AU-SA,,YTIN
YTIT,small_airport,Ti Tree Airport,-22.131701,133.419998,,AU-NT,,YTIT
YTJI,small_airport,Tjirrkarli Airport,-26.006201,125.462494,Gibson Desert South,AU-WA,,YTJI
YTJU,small_airport,Tjuntjuntjarra Airport,-29.344938,127.107348,,AU-WA,,YTJU
YTKS,small_airport,Toorak Research Station Airport,-21.04170036315918,141.78700256347656,,AU-QLD,,YTKS
YTKY,small_airport,Turkey Creek Airport,-17.0408000946,128.205993652,Turkey Creek,AU-WA,YTKY,YTKY
YTLG,small_airport,Taralga Grathawa Airport,-34.28919982910156,149.78199768066406,,AU-NSW,,YTLG
YTLL,small_airport,Tullamore Airport,-32.610622,147.598239,,AU-NSW,,YTLL
YTLP,small_airport,Tilpa Airport,-30.925497,144.419403,Tilpa,AU-NSW,,YTLP
YTLT,small_airport,Tarlton Downs Airport,-22.63330078125,136.8000030517578,,AU-NT,,YTLT
YTMB,small_airport,Tambo Airport,-24.838854,146.293355,,AU-QLD,,YTMB
YTML,small_airport,Tamala Airport,-26.645243,113.742144,Shark Bay,AU-WA,,YTML
YTMN,small_airport,Tanami Airport,-19.91670036315918,129.72500610351562,,AU-NT,,YTMN
YTMO,small_airport,The Monument Airport,-21.811100006104,139.92399597168,Phosphate Hill,AU-QLD,YTMO,YTMO
YTMP,small_airport,Tom Price Airport,-22.746000289900003,117.869003296,Tom Price,AU-WA,YTMP,YTMP
YTMS,small_airport,Tambar Springs Airport,-31.313893,149.839439,,AU-NSW,,YTMS
YTMU,medium_airport,Tumut Aerodrome,-35.26832,148.240526,Tumut,AU-NSW,YTMU,YTMU
YTMY,small_airport,Tobermorey Airport,-22.255800247192383,137.9530029296875,Tobermorey,AU-NT,YTMY,YTMY
YTNB,small_airport,Tanbar Airport,-25.847799301147,141.92799377441,Tanbar Station,AU-QLD,,YTNB
YTNE,small_airport,Tenneco Station One Airport,-28.735452,140.039978,,AU-SA,,YTNE
YTNG,medium_airport,Thangool Airport,-24.494863,150.577967,Biloela,AU-QLD,YTNG,YTNG
YTNK,medium_airport,Tennant Creek Airport,-19.6343994140625,134.18299865722656,Tennant Creek,AU-NT,YTNK,YTNK
YTNN,small_airport,Tenneco Station Four Airport,-31.183300018310547,139.38299560546875,,AU-SA,,YTNN
YTNR,small_airport,Tanumbirini Airport,-16.450000762939453,134.64999389648438,,AU-NT,,YTNR
YTNS,small_airport,Toliness Airport,-25.32145118713379,146.06881713867188,,AU-QLD,,YTNS
YTOA,small_airport,Toolachie Airport,-28.408300399780273,140.80999755859375,,AU-SA,,YTOA
YTOB,small_airport,Toomba Airport,-19.933300018310547,145.58299255371094,,AU-QLD,,YTOB
YTOC,small_airport,Tocumwal Airport,-35.81169891357422,145.60800170898438,,AU-NSW,YTOC,YTOC
YTOG,small_airport,Togo Station Airport,-30.08299,149.53684,,AU-NSW,,YTOG
YTOK,small_airport,Torres Park Homestead Airport,-25.11669921875,147.16700744628906,,AU-QLD,,YTOK
YTOS,small_airport,Tenneco Station Two Airport,-29.565992,139.941359,,AU-SA,,YTOS
YTOT,small_airport,Tottenham Airport,-32.256163,147.369264,,AU-NSW,,YTOT
YTPA,small_airport,Tipperary Airfield,-13.727088,131.032991,Tipperary,AU-NT,,YTPA
YTPE,small_airport,Tempe Downs Airport,-24.38249969482422,132.42300415039062,,AU-NT,,YTPE
YTPK,small_airport,Turtle Park Airstrip,-21.208409,148.978322,,AU-QLD,,YTPK
YTQY,small_airport,Torquay Airport,-38.299999,144.365005,Torquay,AU-VIC,,YTQY
YTRA,small_airport,Tropicana Airport,-29.185995,124.550366,Tropicana Gold Mine,AU-WA,,YTRA
YTRB,small_airport,Torrumbarry Airport,-36.06669998168945,144.5330047607422,,AU-VIC,,YTRB
YTRC,small_airport,Tarcombe Airport,-24.072341,143.392745,Longreach,AU-QLD,,YTRC
YTRE,medium_airport,Taree Airport,-31.888599,152.514008,Taree,AU-NSW,YTRE,YTRE
YTRK,small_airport,Turee Creek Airport,-23.61669921875,118.61699676513672,,AU-WA,,YTRK
YTSI,heliport,Tasman Island Heliport,-43.239498,148.003982,Cape Pillar,AU-TAS,,YTSI
YTST,small_airport,Truscott-Mungalalu Airport,-14.089699745178,126.3809967041,Anjo Peninsula,AU-WA,YTST,YTST
YTTE,small_airport,Ti Tree Airport,-13.984239,141.655255,Aurukun,AU-QLD,,YTTE
YTTI,small_airport,Troughton Is Airport,-13.7517,126.148003,,AU-WA,,YTTI
YTUA,small_airport,Triabunna Airport,-42.51369857788086,147.8979949951172,,AU-TAS,,YTUA
YTUC,small_airport,Tuckabiana Airport,-27.475000381469727,118.125,,AU-WA,,YTUC
YTUG,small_airport,Trugananni Airport,-24.493394,149.213537,,AU-QLD,,YTUG
YTUN,small_airport,Tunbridge Airport,-42.110977,147.362383,Tunbridge,AU-TAS,,YTUN
YTUY,small_airport,Tully Airport,-17.934582,145.938134,,AU-QLD,,YTUY
YTVA,small_airport,Talavera Airport,-19.210481,143.663656,,AU-QLD,,YTVA
YTWB,small_airport,Toowoomba Airport,-27.543365,151.919112,Toowoomba,AU-QLD,YTWB,YTWB
YTWE,small_airport,Trelawney Airport,-22.850000381469727,146.7169952392578,,AU-QLD,,YTWE
YTWH,heliport,The Tweed Hospital Helipad,-28.17769,153.5466,Tweed Heads,AU-NSW,,YTWH
YTWN,small_airport,Tooraweenah Airport,-31.44306,148.897796,,AU-NSW,,YTWN
YTYA,small_airport,Tyabb Airport,-38.266826,145.179406,Tyabb,AU-VIC,,YTYA
YTYH,small_airport,Tyagarah Airport,-28.5946960394,153.551101685,,AU-NSW,,YTYH
YTYN,small_airport,Tieyon Airport,-26.216699600219727,133.91700744628906,,AU-SA,,YTYN
YUCH,small_airport,Ucharonidge Airport,-17.672401428222656,134.24090576171875,Ucharonidge Station,AU-NT,,YUCH
YUDA,small_airport,Undara Airport,-18.19134,144.61224,Undara,AU-QLD,YUDA,YUDA
YUDG,small_airport,Urandangi Airport,-21.59000015258789,138.35800170898438,,AU-QLD,,YUDG
YUDL,small_airport,Undilla Airport,-19.625,138.63299560546875,,AU-QLD,,YUDL
YUMB,small_airport,Umbeara Airport,-25.746700286865234,133.70199584960938,,AU-NT,,YUMB
YUMU,small_airport,Umuwa Airport,-26.4867000579834,132.0399932861328,,AU-SA,,YUMU
YUNY,small_airport,Cluny Airport,-24.516700744628906,139.61700439453125,,AU-QLD,YUNY,YUNY
YUPG,small_airport,Urapunga Airport,-14.705199,134.562424,,AU-NT,,YUPG
YUPH,small_airport,Upper Horton Wyl Airport,-30.1065,150.40428,Upper Horton,AU-NSW,,YUPH
YUSL,small_airport,Useless Loop Airport,-26.157923,113.394817,Useless Loop,AU-WA,YUSL,YUSL
YUTA,heliport,Barracouta Platform Helipad,-38.296874,147.676063,,AU-VIC,,YUTA
YUTP,small_airport,Utopia Airport,-22.05500030517578,134.7899932861328,,AU-NT,,YUTP
YUTS,small_airport,Utopia Station Airport,-22.233299255371094,134.5800018310547,,AU-NT,,YUTS
YVAF,small_airport,Valley Field Airport,-41.808754,147.296525,Epping Forest,AU-TAS,,YVAF
YVAL,small_airport,The Vale Airport,-41.43,146.263333,Sheffield,AU-TAS,,YVAL
YVIV,small_airport,Mount Vivian Airport,-30.580792,135.72971,Mount Vivian,AU-SA,,YVIV
YVLG,small_airport,Valley of Lagoons Airport,-18.66670036315918,145.10000610351562,,AU-QLD,,YVLG
YVNS,small_airport,Vaughan Springs Airport,-22.33329963684082,130.86700439453125,,AU-NT,,YVNS
YVRD,small_airport,Victoria River Downs Airport,-16.402124,131.004974,Victoria River,AU-NT,YVRD,YVRD
YVRS,small_airport,Vanrook Station Airport,-16.961532,141.95227,,AU-QLD,YVRS,YVRS
YVSH,small_airport,Vashon Head Airport,-11.142987,131.981832,,AU-NT,,YVSH
YVVA,small_airport,Victoria Valley Airport,-37.5,142.27000427246094,,AU-VIC,,YVVA
YVVL,small_airport,Violet Vale Airport,-14.733714,143.589334,,AU-QLD,,YVVL
YWAB,small_airport,Waldburg Homestead Airport,-24.75,117.36699676513672,,AU-WA,,YWAB
YWAC,small_airport,Wauchope Airport,-20.640614,134.215276,Wauchope,AU-NT,,YWAC
YWAG,small_airport,Wanaaring Airport,-29.712125,144.170955,,AU-NSW,,YWAG
YWAL,small_airport,Wallal Downs Airport,-19.7736,120.649002,Eighty Mile Beach,AU-WA,YWAL,YWAL
YWAT,small_airport,Wattle Hills Airport,-12.637238,143.041391,,AU-QLD,,YWAT
YWAV,small_airport,Wave Hill Airport,-17.393299102783203,131.1179962158203,,AU-NT,YWAV,YWAV
YWAX,small_airport,Wanarn Airport,-25.29755210876465,127.5564193725586,Wanarn,AU-WA,,YWAX
YWBH,small_airport,Wallabadah Airport,-31.57658,150.934081,,AU-NSW,,YWBH
YWBI,small_airport,Warrabri Airport,-21,134.39700317382812,,AU-NT,,YWBI
YWBL,small_airport,Warrnambool Airport,-38.2952995300293,142.44700622558594,,AU-VIC,YWBL,YWBL
YWBN,small_airport,Wedderburn Aerodrome,-34.181346,150.808854,Wedderburn,AU-NSW,,YWBN
YWBR,small_airport,Warburton Airport,-26.125538,126.583158,Warburton,AU-WA,,YWBR
YWBS,small_airport,Warraber Island Airport,-10.20829963684082,142.8249969482422,Sue Islet,AU-QLD,YWBS,YWBS
YWCA,small_airport,Wilcannia Airport,-31.522082,143.378358,,AU-NSW,YWCA,YWCA
YWCH,small_airport,Walcha Airport,-31.009492,151.547442,,AU-NSW,YWCH,YWCH
YWCK,small_airport,Warwick Airport,-28.149401,151.942993,,AU-QLD,YWCK,YWCK
YWCM,small_airport,Wilson's Camp Airport,-20.10140037536621,129.12600708007812,,AU-NT,,YWCM
YWDA,small_airport,Windarra Airport,-28.48061,122.244415,Laverton,AU-WA,,YWDA
YWDG,small_airport,Windarling Airport,-30.032277,119.386489,Windarling Mine,AU-WA,YWDG,YWDG
YWDH,medium_airport,Windorah Airport,-25.410641,142.668428,Windorah,AU-QLD,YWDH,YWDH
YWDJ,small_airport,Windjana Grove Airport,-17.421387587,124.925107956,,AU-WA,,YWDJ
YWDL,small_airport,Wondoola Airport,-18.5750007629,140.891998291,Wondoola,AU-QLD,YWDL,YWDL
YWDS,small_airport,Woodside Airstrip,-34.958588,138.890668,Woodside,AU-SA,,YWDS
YWDT,small_airport,Wyandotte Airport,-18.753838,144.840761,,AU-QLD,,YWDT
YWDV,small_airport,Mount Full Stop Airport,-19.67,144.8852,Wando Vale,AU-QLD,,YWDV
YWEC,small_airport,Wellclose Airport,-25.850000381469727,145.10000610351562,,AU-QLD,,YWEC
YWEE,small_airport,Wooleen Homestead Airport,-27.08169937133789,116.1500015258789,,AU-WA,,YWEE
YWEL,small_airport,Wellington Airport,-32.462711,148.990896,,AU-NSW,,YWEL
YWEO,small_airport,Wertaloona Airport,-30.649999618530273,139.35000610351562,,AU-SA,,YWEO
YWER,small_airport,Wernadinga Airport,-18.124077,139.956121,,AU-QLD,,YWER
YWEX,small_airport,Well 33 Airport,-22.36669921875,124.76699829101562,,AU-WA,,YWEX
YWFD,small_airport,Western Field Airport,-19.283300399780273,125.41699981689453,,AU-WA,,YWFD
YWGA,small_airport,Port Hedland/Wodgina Airport,-21.036568,118.642936,Wodgina,AU-WA,,YWGA
YWGI,small_airport,Wedge Island Airstrip,-35.150398,136.461235,,AU-SA,,YWGI
YWGM,small_airport,White Gum Air Park,-31.863947,116.936094,York,AU-WA,YWGM,YWGM
YWGN,small_airport,Wagin Airport,-33.33330154418945,117.36699676513672,,AU-WA,,YWGN
YWGT,medium_airport,Wangaratta Airport,-36.417914,146.306896,Laceby,AU-VIC,YWGT,YWGT
YWGW,small_airport,Wongawol Airport,-26.118462,121.959674,,AU-WA,,YWGW
YWHA,medium_airport,Whyalla Airport,-33.05889892578125,137.51400756835938,Whyalla,AU-SA,YWHA,YWHA
YWHC,small_airport,White Cliffs Airport,-30.85181,143.071577,White Cliffs,AU-NSW,,YWHC
YWHI,small_airport,Witchelina Airport,-30.039637,138.058748,Witchelina,AU-SA,,YWHI
YWHL,small_airport,Walhallow Airport,-17.778228,135.658241,Creswell,AU-NT,,YWHL
YWHP,heliport,Wollongong City Heliport,-34.43942,150.895838,,AU-NSW,,YWHP
YWIB,small_airport,Mount Willoughby Airport,-27.95816,134.14951,Mount Willoughby,AU-SA,,YWIB
YWIE,small_airport,Wirralie Gold Mine Airport,-21.126559,147.272887,,AU-QLD,,YWIE
YWIL,small_airport,Wilandra Airport,-31.28689,142.651049,,AU-NSW,,YWIL
YWIO,small_airport,Wilton Airport,-34.21999,150.67076,Wilton,AU-NSW,,YWIO
YWIS,small_airport,Williamson Airport,-22.474254,150.179222,,AU-QLD,,YWIS
YWJS,small_airport,Wee Jasper Airport,-35.130154,148.690053,Wee Jasper,AU-NSW,,YWJS
YWKB,medium_airport,Warracknabeal Airport,-36.32109832763672,142.41900634765625,,AU-VIC,YWKB,YWKB
YWKD,small_airport,Woodycupaldiya Airfield,-13.8665,129.988,Woodycupaldiya,AU-NT,,YWKD
YWKI,small_airport,Waikerie Airport,-34.179573,140.033026,,AU-SA,,YWKI
YWKM,small_airport,Wyalkatchem Airport,-31.2026341022,117.378873825,Wyalkatchem,AU-WA,,YWKM
YWKW,small_airport,Warkworth Airport,-32.548161,151.024274,Warkworth,AU-NSW,,YWKW
YWLA,small_airport,Willowra Airport,-21.27669906616211,132.6230010986328,,AU-NT,,YWLA
YWLB,small_airport,Welbourn Hill Airport,-27.342199,134.086606,,AU-SA,,YWLB
YWLG,medium_airport,Walgett Airport,-30.032801,148.126007,,AU-NSW,YWLG,YWLG
YWLH,small_airport,Wallara Ranch Airport,-24.649999618530273,132.31700134277344,,AU-NT,,YWLH
YWLM,large_airport,Newcastle Airport,-32.796114,151.835025,Williamtown,AU-NSW,YWLM,YWLM
YWLN,small_airport,Wooltana Airport,-30.42169952392578,139.43600463867188,,AU-SA,,YWLN
YWLP,small_airport,Wilsons Promontory Airport (Yanakie Airport),-38.949897,146.28383,Wilsons Promontory,AU-VIC,,YWLP
YWLU,medium_airport,Wiluna Airport,-26.632691,120.221906,,AU-WA,YWLU,YWLU
YWMA,small_airport,Wonnaminta Stat Airport,-30.651100158691406,142.3419952392578,,AU-NSW,,YWMA
YWMC,small_airport,William Creek Aerodrome,-28.909989,136.340266,William Creek,AU-SA,YWMC,YWMC
YWMG,small_airport,Weilmoringle Airport,-29.235668,146.922092,,AU-NSW,,YWMG
YWML,small_airport,Westmoreland Airport,-17.32098,138.238134,,AU-QLD,,YWML
YWMM,small_airport,Wollomombi Airport,-30.491214,152.083822,,AU-NSW,,YWMM
YWMO,small_airport,West Musgrave Airport,-26.053055,127.690834,,AU-WA,,YWMO
YWMP,small_airport,Wrotham Park Airport,-16.658915,143.999263,Wrotham Park,AU-QLD,YWMP,YWMP
YWMY,small_airport,Williambury Airport,-23.856875,115.14262,,AU-WA,,YWMY
YWNA,small_airport,Wilgena Airport,-30.766700744628906,134.72999572753906,,AU-SA,,YWNA
YWND,small_airport,Wondai Airport,-26.277392,151.861673,,AU-QLD,YWND,YWND
YWNI,small_airport,Wathanin Airport,-13.704303,141.554085,Aurukun,AU-QLD,,YWNI
YWNL,small_airport,Wingellina Airport,-26.0667,128.949997,Wingellina,AU-WA,,YWNL
YWNO,small_airport,Wonganoo Airport,-27.125,121.33300018310547,,AU-WA,,YWNO
YWNS,small_airport,Wandsworth Airport,-25.03091,143.67512,,AU-QLD,,YWNS
YWNT,heliport,Westmead NETS Base Hospital Heliport,-33.802749,150.990223,Westmead,AU-NSW,,YWNT
YWOH,small_airport,Wongan Hills Airport,-30.880036,116.727172,,AU-WA,,YWOH
YWOM,small_airport,Woolomin Airport,-31.316699981689453,151.13299560546875,,AU-NSW,,YWOM
YWON,small_airport,Wonthaggi Airport,-38.47169876098633,145.6230010986328,,AU-VIC,,YWON
YWOR,small_airport,Wollogorang Airport,-17.2199,137.93453,,AU-NT,YWOR,YWOR
YWOV,small_airport,Woodvale Airport,-36.63330078125,144.18299865722656,,AU-VIC,,YWOV
YWOX,small_airport,Woorlba Airport,-32.393869,123.988717,,AU-WA,,YWOX
YWPA,small_airport,Wirrealpa Airport,-31.13330078125,138.9669952392578,,AU-SA,,YWPA
YWPE,small_airport,Walpole Airport,-34.953651,116.695383,North Walpole,AU-WA,,YWPE
YWPL,small_airport,Winning Pool North Airport,-23.100000381469727,114.53299713134766,,AU-WA,,YWPL
YWRA,small_airport,Wooroona Airport,-20.481700897216797,138.16799926757812,,AU-QLD,,YWRA
YWRC,small_airport,Wave Rock Airport,-32.426700592041016,118.90799713134766,,AU-WA,,YWRC
YWRE,small_airport,Wirralie Airport,-22.270000457763672,146.0500030517578,,AU-QLD,,YWRE
YWRL,small_airport,Warialda Airport,-29.5362,150.535955,,AU-NSW,,YWRL
YWRN,medium_airport,Warren Airport,-31.733299,147.802994,,AU-NSW,,YWRN
YWRO,heliport,Wallaroo Hospital Helipad,-33.927177,137.63777,Wallaroo,AU-SA,,YWRO
YWRR,small_airport,Warroora Homestead Airport,-23.44609,113.84853,Lyndon,AU-WA,,YWRR
YWRT,small_airport,Waratah Airport,-41.45000076293945,145.5500030517578,,AU-TAS,,YWRT
YWRV,small_airport,Walker River Airport,-13.593299865722656,135.7550048828125,,AU-NT,,YWRV
YWSD,small_airport,Westward Downs Airport,-30.71137,141.397648,Broughams Gate,AU-NSW,,YWSD
YWSG,small_airport,Watts Bridge Airport,-27.09830093383789,152.4600067138672,,AU-QLD,,YWSG
YWSI,small_airport,Wirrida Siding Airport,-29.566699981689453,134.51699829101562,,AU-SA,,YWSI
YWSL,medium_airport,West Sale Airport,-38.090827,146.965335,Sale,AU-VIC,YWSL,YWSL
YWST,heliport,Westmead Hospital Helipad,-33.804742,150.988435,Westmead,AU-NSW,,YWST
YWSX,small_airport,Westonia Airport,-31.319016,118.684766,,AU-WA,,YWSX
YWTB,heliport,Watsons Bay Helipad,-33.835,151.280556,Watsons Bay,AU-NSW,,YWTB
YWTL,small_airport,Waterloo Airport,-16.6299991607666,129.32000732421875,,AU-NT,YWTL,YWTL
YWTN,medium_airport,Winton Airport,-22.36359977722168,143.08599853515625,,AU-QLD,YWTN,YWTN
YWTO,small_airport,Wentworth Airport,-34.086196,141.891114,Wentworth,AU-NSW,YWTO,YWTO
YWTV,small_airport,Watson River Airport,-13.228739,142.235548,,AU-QLD,,YWTV
YWUD,small_airport,Wudinna Airport,-33.043301,135.447006,,AU-SA,YWUD,YWUD
YWVA,small_airport,Warnervale Airport,-33.240278,151.429722,Warnervale,AU-NSW,,YWVA
YWVL,small_airport,Woodville Airport,-30.416099548339844,151.7550048828125,,AU-NSW,,YWVL
YWVR,heliport,Wolgan Valley Heliport,-33.253611,150.187778,Mascot,AU-NSW,,YWVR
YWWA,small_airport,Wee Waa Airport,-30.25830078125,149.4080047607422,,AU-NSW,YWWA,YWWA
YWWG,small_airport,Warrawagine Airport,-20.8442001343,120.702003479,,AU-WA,YWWG,YWWG
YWWH,small_airport,Wentford Homestead,-22.063921,147.721224,Wentford Homestead,AU-QLD,,YWWH
YWWI,small_airport,Woodie Woodie Airport,-21.64551,121.191184,Woodie Woodie,AU-WA,YWWI,YWWI
YWWL,medium_airport,West Wyalong Airport,-33.9371986389,147.190994263,West Wyalong,AU-NSW,YWWL,YWWL
YWYA,small_airport,Wyandra Airport,-27.266700744628906,145.99000549316406,,AU-QLD,,YWYA
YWYB,small_airport,Wynbring Airport,-30.55827,133.53398,,AU-SA,,YWYB
YWYF,small_airport,Wycheproof Airport,-36.0583,143.242996,,AU-VIC,,YWYF
YWYM,small_airport,Wyndham Airport,-15.5114,128.153,,AU-WA,YWYM,YWYM
YWYY,medium_airport,Wynyard Airport,-40.997039,145.726,Burnie,AU-TAS,YWYY,YWYY
YXAB,heliport,Coonabarabran Hospital Helipad,-31.275241,149.284351,Coonabarabran,AU-NSW,,YXAB
YXAH,heliport,Armidale - Lambert Park HLS,-30.5113,151.6552,Armidale,AU-NSW,,YXAH
YXAL,heliport,Albury Base Hospital Helipad,-36.079212,146.938565,Albury,AU-NSW,,YXAL
YXAO,heliport,Canowindra Hospital Helipad,-33.556792,148.675227,Canowindra,AU-NSW,,YXAO
YXAT,heliport,Atherton District Memorial Hospital Heliport,-17.265888,145.483661,Atherton,AU-QLD,,YXAT
YXAU,heliport,Auburn Medical (Wyatt Park) Helicopter Landing Site,-33.858333,151.040833,Auburn,AU-NSW,,YXAU
YXAY,heliport,Blayney Medical Helicopter Landing Site,-33.534833,149.249167,Blayney,AU-NSW,,YXAY
YXBA,heliport,Ballina - Kingsford Smith Park Helipad,-28.8692,153.5713,Ballina,AU-NSW,,YXBA
YXBD,heliport,Bundaberg Base Hospital Helipad,-24.869446,152.335045,Bundaberg,AU-QLD,,YXBD
YXBH,heliport,Bathurst Hospital Helipad,-33.40587,149.571884,Bathurst,AU-NSW,,YXBH
YXBI,heliport,Biggenden Hospital Helipad,-25.506941,152.050651,Biggenden,AU-QLD,,YXBI
YXBS,heliport,Beaudesert Hospital Helipad,-27.98571,153.002345,Beaudesert,AU-QLD,,YXBS
YXBT,small_airport,Ballarat Health Service Helipad,-37.559121,143.845685,Ballarat,AU-VIC,,YXBT
YXBU,heliport,Bulwer Heliport,-27.07233,153.36748,Bulwer,AU-QLD,,YXBU
YXBV,heliport,Bega Hospital Heliport,-36.687887,149.858596,Bega,AU-NSW,,YXBV
YXBW,heliport,Bowen Hospital Helipad,-20.006611,148.239909,Bowen,AU-QLD,,YXBW
YXBY,heliport,Alonnah Medical HLS,-43.316667,147.245,Bruny Island,AU-TAS,,YXBY
YXCA,heliport,Carnungra-Moriarity Park HLS,-28.0186,153.1598,Canungra,AU-QLD,,YXCA
YXCB,heliport,Canberra Hospital Helipad,-35.343777,149.099953,Canberra,AU-ACT,,YXCB
YXCC,heliport,Concord Hospital Heliport,-33.83873,151.094364,Concord,AU-NSW,,YXCC
YXCF,heliport,Orange - Careflight Base Heliport,-33.30368,149.12098,Orange,AU-NSW,,YXCF
YXCH,heliport,Cherbourg Hospital Helipad,-26.29124,151.95742,Cherbourg,AU-QLD,,YXCH
YXCI,heliport,Chinchilla Hospital Helipad,-26.74066,150.63425,Chinchilla,AU-QLD,,YXCI
YXCK,heliport,Cessnock Hospital Heliport,-32.826884,151.348053,Cessnock,AU-NSW,,YXCK
YXCM,heliport,Cooma Hospital Helipad,-36.242155,149.130147,Cooma,AU-NSW,,YXCM
YXCP,heliport,Campbelltown Hospital Heliport,-34.077985,150.804026,Campbelltown,AU-NSW,,YXCP
YXCU,heliport,Cunningham Gap Helipad,-28.0479,152.4457,Cunningham Highway,AU-QLD,,YXCU
YXCV,heliport,Collinsville Hospital Helipad,-20.546745,147.837734,Collinsville,AU-QLD,,YXCV
YXCY,heliport,Calvary - Bruce Oval Helipad,-35.247,149.0927,Canberra,AU-ACT,,YXCY
YXDA,heliport,Dalby Hospital Helipad,-27.16713,151.27692,Dalby,AU-QLD,,YXDA
YXDB,heliport,Dubbo Hospital Heliport,-32.238677,148.620483,Dubbo,AU-NSW,,YXDB
YXDE,heliport,Denman Helicopter Landing Site,-32.3868,150.682,Denman,AU-NSW,,YXDE
YXDG,heliport,Dorrigo Helipad,-30.3422,152.7092,Dorrigo,AU-NSW,,YXDG
YXDH,heliport,Royal Darwin Hospital Helipad,-12.35284,130.881645,Darwin,AU-NT,,YXDH
YXDN,heliport,Dunedoo Hospital - Robinson Oval HLS,-32.013833,149.389833,Dunedoo,AU-NSW,,YXDN
YXDR,heliport,Munduberra Hospital Helipad,-25.58815,151.29319,Munduberra,AU-QLD,,YXDR
YXDU,heliport,Dunwich Hospital Helipad,-27.49696,153.399233,Dunwich,AU-QLD,,YXDU
YXDY,heliport,Dysart Hospital Helipad,-22.582854,148.353544,Dysart,AU-QLD,,YXDY
YXEE,heliport,Moree Hospital Helipad,-29.47089,149.84054,Moree,AU-NSW,,YXEE
YXEG,heliport,Bellingen Medical - Connell Park HLS,-30.453613,152.901771,Bellingen,AU-NSW,,YXEG
YXEI,heliport,Eidsvold Hospital Helipad,-25.382466,151.125,Eidsvold,AU-QLD,,YXEI
YXEM,heliport,Eden Sports Ground HLS,-37.05617,149.910679,Eden,AU-NSW,,YXEM
YXES,heliport,Esk Hospital Helipad,-27.24086,152.418,Esk,AU-QLD,,YXES
YXFH,heliport,Fiona Stanley Hospital Helipad,-32.070656,115.846732,Perth,AU-WA,,YXFH
YXFO,heliport,Forbes Hospital Heliport,-33.395865,148.013767,Forbes,AU-NSW,,YXFO
YXFS,heliport,Forster Hospital Helipad,-32.188357,152.51321,Forster / Tuncurry,AU-NSW,,YXFS
YXFV,heliport,Newcastle Westpac Base Heliport,-32.920528,151.729266,Newcastle,AU-NSW,,YXFV
YXGA,heliport,Gatton Showgrounds Helicopter Landing Site,-27.56,152.282,Gatton,AU-QLD,,YXGA
YXGC,heliport,Gloucester Helicopter Landing Site,-32.014833,151.96,Gloucester,AU-NSW,,YXGC
YXGE,heliport,Glen Innes - Rugby Park Heliport,-29.7302,151.7364,Glen Innes,AU-NSW,,YXGE
YXGH,heliport,Goulburn Hospital Helipad,-34.74803,149.71235,Goulburn,AU-NSW,,YXGH
YXGI,heliport,Gayndah Hospital Helipad,-25.63202,151.60475,Gayndah,AU-QLD,,YXGI
YXGL,heliport,Grenfell - Lawson Oval HLS,-33.906308,148.161567,Grenfell,AU-NSW,,YXGL
YXGO,heliport,Goondiwindi Hospital Helipad,-28.547905,150.30117,Goondiwindi,AU-QLD,,YXGO
YXGP,heliport,Grafton Hospital Helipad,-29.67357,152.94074,Grafton,AU-NSW,,YXGP
YXGR,heliport,Gilgandra Multi Purpose Service Helipad,-31.7039,148.665225,Gilgandra,AU-NSW,,YXGR
YXGS,heliport,Gosford Hospital Helipad,-33.421626,151.339894,Gosford,AU-NSW,,YXGS
YXGT,heliport,Billy Dunne Oval HLS,-32.35815,149.538431,Gulgong,AU-NSW,,YXGT
YXGU,heliport,Gunnedah Hospital Helipad,-30.98283,150.25223,Gunnedah,AU-NSW,,YXGU
YXGW,heliport,Gundagai Medical Helicopter Landing Site,-35.067923,148.102216,Gundagai,AU-NSW,,YXGW
YXGY,heliport,Archery Park Helipad,-26.1886,152.6527,Gympie,AU-QLD,,YXGY
YXHA,heliport,Hawkesbury Hospital Helipad,-33.61058,150.8215,Windsor,AU-NSW,,YXHA
YXHE,heliport,Hervey Bay Hospital Helipad,-25.299997,152.821348,Hervery Bay,AU-QLD,,YXHE
YXHG,heliport,Gold Coast University Hospital Helipad,-27.9595,153.382,Gold Coast,AU-QLD,,YXHG
YXHK,heliport,Hornsby Ku-ring-gai Hospital Helipad,-33.703224,151.112727,Sydney,AU-NSW,,YXHK
YXHS,heliport,Sunshine Coast University Hospital Helipad,-26.747333,153.113667,Sunshine Coast,AU-QLD,,YXHS
YXIG,heliport,Bingara Hospital Heliport,-29.86407,150.579563,Bingara,AU-NSW,,YXIG
YXIS,heliport,Innisfail Hospital Heliport,-17.518421,146.029909,Innisfail,AU-QLD,,YXIS
YXIW,heliport,Inglewood Hospital Helipad,-28.41819,151.061255,Inglewood,AU-QLD,,YXIW
YXJD,heliport,Jindabyne Medical Helicopter Landing Site,-36.417993,148.615183,Jindabyne,AU-NSW,,YXJD
YXJH,heliport,John Hunter Hospital Helipad,-32.924048,151.693415,Newcastle,AU-NSW,,YXJH
YXJN,heliport,Jandowae Hospital Heliport,-26.7814,151.10473,Jandowae,AU-QLD,,YXJN
YXKM,heliport,Blue Mountains Hospital Helipad,-33.705262,150.322369,Katoomba,AU-NSW,,YXBM
YXKO,heliport,Kyogle Hospital Helipad,-28.62822,153.00193,Kyogle,AU-NSW,,YXKO
YXKU,heliport,Kurri Hospital Helipad,-32.82569,151.46279,Kurri Kurri,AU-NSW,,YXKU
YXLA,heliport,Laidley Hospital Helipad,-27.63258,152.39924,Laidley,AU-QLD,,YXLA
YXLE,heliport,Leeton Showground Heliport,-34.56,146.405,Leeton,AU-NSW,,YXLE
YXLG,heliport,Lithgow Hospital Helipad,-33.49942,150.1287,Lithgow,AU-NSW,,YXLG
YXLL,heliport,Liverpool Hospital Helipad Alpha,-33.9204,150.9312,Liverpool,AU-NSW,,YXLL
YXLT,heliport,Caboolture Hospital Helipad,-27.07955,152.96293,Caboolture,AU-QLD,,YXLT
YXLU,heliport,Launceston General Hospital Heliport,-41.447402,147.142036,Launceston,AU-TAS,,YXLU
YXMA,heliport,Maclean Hospital Helipad,-29.453639,153.201401,Maclean,AU-NSW,,YXMA
YXMD,heliport,Mount Druitt Hospital Heliport,-33.766232,150.830663,Mount Druitt,AU-NSW,,YXMD
YXMG,heliport,Murgon Hospital Helipad,-26.23842,151.95095,Murgon,AU-QLD,,YXMG
YXMH,heliport,Mudgee Hospital Helipad,-32.602546,149.588067,Mudgee,AU-NSW,,YXMH
YXMK,heliport,Macksville Park Helicopter Landing Site,-30.71022,152.9213,Macksville,AU-NSW,,YXMK
YXMM,heliport,Mannum Hospital Heliport,-34.917055,139.308389,Mannum,AU-NT,,YXMM
YXMU,heliport,Mullumbimby Hospital Helipad,-28.559347,153.49219,Mullumbimby,AU-NSW,,YXMU
YXMV,heliport,Mona Vale Hospital Helipad,-33.68512,151.30824,Mona Vale,AU-NSW,,YXMV
YXMW,heliport,Merriwa Hospital Helipad,-32.14338,150.3609,Merriwa,AU-NSW,,YXMW
YXMY,heliport,Moruya Hospital Helipad,-35.90397,150.06946,Moruya,AU-NSW,,YXMY
YXNA,heliport,Nambour Hospital Helipad,-26.62053,152.95095,Nambour,AU-QLD,,YXNA
YXNE,heliport,Nepean Hospital Helipad,-33.75855,150.7122,Penrith,AU-NSW,,YXNE
YXNN,heliport,Nanango Hospital Helipad,-26.6659,152.00757,Nanango,AU-QLD,,YXNN
YXNO,heliport,Noosa Hospital Helipad,-26.40259,153.04569,Noosa,AU-QLD,,YXNO
YXNW,heliport,Shoalhaven Hospital Helipad,-34.86978,150.59553,Nowra,AU-NSW,,YXNW
YXNY,heliport,Nelson Bay Heliport,-32.7167,152.1548,Nelson Bay,AU-NSW,,YXNY
YXOF,heliport,Coffs Harbour Health Campus Helipad,-30.316817,153.093125,Coffs Harbour,AU-NSW,,YXOF
YXOG,heliport,Orange Hospital Helipad,-33.316724,149.092652,Orange,AU-NSW,,YXOG
YXOH,heliport,Coolah Hospital Heliport,-31.82182,149.710098,Coolah,AU-NSW,,YXOH
YXOK,heliport,Crookwell Medical Heliport,-34.449334,149.469085,Crookwell,AU-NSW,,YXOK
YXOL,heliport,Condobolin Helicopter Landing Site,-33.081928,147.149602,Condobolin,AU-NSW,,YXOL
YXOM,heliport,Bombala Medical Helicopter Landing Site,-36.913833,149.241333,Bombala,AU-NSW,,YXOM
YXOO,heliport,Cootamundra Hospital Heliport,-34.633958,148.012673,Cootamundra,AU-NSW,,YXOO
YXOW,heliport,Bowral - Loseby Park Helicopter Landing Site,-34.4867,150.4228,Bowral,AU-NSW,,YXOW
YXPH,heliport,Peak Hill Hospital Helipad,-32.7362,148.19978,Peak Hill,AU-NSW,,YXPH
YXPI,heliport,Pindarra Hospital Helipad,-28.008,153.3924,Gold Coast,AU-QLD,,YXPI
YXPK,heliport,Parkes Hospital Helipad,-33.153234,148.171184,Parkes,AU-NSW,,YXPK
YXPM,heliport,Port Macquarie Hospital Helipad,-31.452683,152.88076,Port Macquarie,AU-NSW,,YXPM
YXPN,heliport,Proserpine Hospital Helipad,-20.39912,148.5855,Proserpine,AU-QLD,,YXPN
YXPO,heliport,Yeppoon Hospital (Apex Park) HLS,-23.136399,150.74179,Yeppoon,AU-QLD,,YXPO
YXQC,heliport,Queensland Childrens Hospital Helipad,-27.484052,153.026896,Brisbane,AU-QLD,,YXQC
YXQE,heliport,Queen Elizabeth II (Sir Charles Gairdner) Hospital Helipad,-31.968947,115.816884,Perth,AU-WA,,YXQE
YXQU,heliport,Quirindi Hospital Helipad,-31.50107,150.676606,Quirindi,AU-NSW,,YXQU
YXRK,heliport,Rockhampton Base Hospital Helipad,-23.379657,150.495184,Rockhampton,AU-QLD,,YXRK
YXRM,heliport,Renmark Hospital Heliport,-34.163567,140.74483,Renmark,AU-SA,,YXRM
YXRN,heliport,Rylstone Hospital Helipad,-32.803975,149.975076,Rylstone,AU-NSW,,YXRN
YXRP,heliport,Royal Perth Hospital Helipad,-31.953701,115.866526,Perth,AU-WA,,YXRP
YXRU,heliport,Russell Island Helicopter Landing Site,-27.657693,153.366837,Russell Island,AU-QLD,,YXRU
YXSA,heliport,Sydney Adventist Hospital Helipad,-33.733386,151.100006,Wahroonga,AU-NSW,,YXSA
YXSB,heliport,Southcare Base - Canberra Heliport,-35.378588,149.171559,Canberra,AU-ACT,,YXSB
YXSC,heliport,Scone Hospital Helipad,-32.050268,150.877663,Scone,AU-NSW,,YXSC
YXSG,heliport,St George Hospital Helipad,-33.96807,151.13368,Kogarah,AU-NSW,,YXSG
YXSH,heliport,Shellharbour Hospital Helipad,-34.55989,150.84173,Shellharbour,AU-NSW,,YXSH
YXSI,heliport,Singleton Hospital Helipad,-32.56708,151.186865,Singleton,AU-NSW,,YXSI
YXSN,heliport,Sydney Children's Hospital Heliport,-33.919522,151.239317,Randwick,AU-NSW,,YXSN
YXST,heliport,Stanthorpe Hospital Heliport,-28.659984,151.927884,Stanthorpe,AU-QLD,,YXST
YXSU,heliport,Sutherland Hospital Helipad,-34.038783,151.1156,Miranda,AU-NSW,,YXSU
YXTA,heliport,Tangalooma Resort Heliport,-27.1836,153.3709,,AU-QLD,,YXTA
YXTE,heliport,Tenterfield - Federation Park Heliport,-29.048,152.0164,Tenterfield,AU-NSW,,YXTE
YXTM,heliport,Tamborine Mountain Helipad,-27.936447,153.180999,Tamborine Mountain,AU-QLD,,YXTM
YXTN,heliport,Trundle Hospital Helicopter Landing Site,-32.9217,147.7067,Trundle,AU-NSW,,YXTN
YXTO,heliport,Toowoomba General Hospital Helipad,-27.5705,151.946,Toowoomba,AU-QLD,,YXTO
YXTR,heliport,Taree - Wrigley Park Helipad,-31.9064,152.4508,Taree,AU-NSW,,YXTR
YXTT,heliport,Tumut Hospital Helipad,-35.308,148.2191,Tumut,AU-NSW,,YXTT
YXTW,heliport,Tamworth Hospital Helipad,-31.07457,150.92641,Tamworth,AU-NSW,,YXTW
YXTX,heliport,Texas Hospital Heliport,-28.855368,151.178945,Texas,AU-QLD,,YXTX
YXUS,heliport,Muswellbrook Hospital Heliport,-32.264171,150.898386,Muswellbrook,AU-NSW,,YXUS
YXVL,heliport,Bowraville Oval Helicopter Landing Site,-30.647667,152.848,Bowraville,AU-NSW,,YXVL
YXWA,heliport,Warwick Hospital Heliport,-28.223852,152.016737,Warwick,AU-QLD,,YXWA
YXWG,heliport,Wagga - Duke of Kent Oval Helipad,-35.11434,147.3541,Wagga Wagga,AU-NSW,,YXWG
YXWL,heliport,Wollongong Hospital Helipad,-34.42419,150.8822,Wollongong,AU-NSW,,YXWL
YXWM,heliport,Westmead - Children's Hospital Helipad,-33.802339,150.993664,Westmead,AU-NSW,,YXWM
YXWT,heliport,Wellington-Rygate Park Heliport,-32.5487,148.9497,Wellington,AU-NSW,,YXWT
YXWW,heliport,Wee Waa Hospital Helipad,-30.225,149.4483,Wee Waa,AU-NSW,,YXWW
YXWY,heliport,Wyong Hospital Helipad,-33.26025,151.48069,Wyong,AU-NSW,,YXWY
YXYA,heliport,Yass Hospital Helicopter Landing Site,-34.854608,148.908316,Yass,AU-NSW,,YXYA
YXYK,heliport,Yorketown Hospital Helicopter Landing Site,-35.018889,137.611667,Yorketown,AU-SA,,YXYK
YXYO,heliport,Young Hospital Helipad,-34.32094,148.28798,Young,AU-NSW,,YXYO
YYAA,small_airport,Yandama Airport,-29.664973,141.413891,,AU-NSW,,YYAA
YYAC,small_airport,Yacamunda Airport,-21.378643,147.100201,,AU-QLD,,YYAC
YYAG,small_airport,Yagga Yagga Airport,-20.966699600219727,128.08299255371094,,AU-WA,,YYAG
YYAK,small_airport,Yalkulka Airport,-16.731384,145.347425,,AU-QLD,,YYAK
YYAL,small_airport,Yalgoo Airport,-28.355300903299998,116.683998108,Yalgoo,AU-WA,YYAL,YYAL
YYAS,heliport,Yass Heliport,-34.822285,148.907844,Yass,AU-NSW,,YYAS
YYBE,small_airport,Yarrabee Mine Airport,-23.262014,149.01652,,AU-QLD,,YYBE
YYBK,heliport,Yarra Bank Heliport,-37.823333,144.951111,Melbourne,AU-VIC,,YYBK
YYDE,small_airport,Yandee Airport,-21.368446,118.881204,,AU-WA,,YYDE
YYDM,small_airport,Yundamindera Airport,-29.12063,122.041475,Leonora,AU-WA,,YYDM
YYEA,small_airport,Yeaburn Airport,-37.175904,145.323056,,AU-VIC,,YYEA
YYER,small_airport,Yerilla Airport,-29.467599868774414,121.83000183105469,,AU-WA,,YYER
YYGG,small_airport,Yagga Yagga Airport,-20.890600204467773,127.9489974975586,,AU-WA,,YYGG
YYKI,small_airport,Yorke Island Airport,-9.752801,143.405673,Yorke Island,AU-QLD,YYKI,YYKI
YYLD,small_airport,Yalda Downs Homestead Airport,-30.26140022277832,142.9770050048828,,AU-NSW,,YYLD
YYLG,small_airport,Yallalong Homestead Airport,-27.426300048828125,115.51799774169922,,AU-WA,,YYLG
YYLR,small_airport,Yeelirrie Airport,-27.277060037800002,120.095672607,,AU-WA,YYLR,YYLR
YYMI,small_airport,Yam Island Airport,-9.899187,142.774265,Yam Island,AU-QLD,YYMI,YYMI
YYND,small_airport,Yuendumu Airport,-22.2542,131.781998,,AU-NT,YYND,YYND
YYNG,medium_airport,Young Airport,-34.255576,148.247118,,AU-NSW,YYNG,YYNG
YYNR,small_airport,Yanrey Airport,-22.516700744628906,114.80000305175781,,AU-WA,,YYNR
YYOO,small_airport,Yalymboo Airport,-31.803300857543945,136.86000061035156,,AU-SA,,YYOO
YYOR,small_airport,Yorketown Airport,-35.003564,137.619295,,AU-SA,YYOR,YYOR
YYRK,small_airport,York Airport,-31.855100631713867,116.79900360107422,,AU-WA,,YYRK
YYRM,small_airport,Yarram Airport,-38.566654,146.752854,,AU-VIC,YYRM,YYRM
YYRN,small_airport,Yamarna Airport,-28.15567,123.676829,Cosmo Newbery,AU-WA,,YYRN
YYRW,small_airport,Yarlarweelor Airport,-25.45829963684082,117.9749984741211,,AU-WA,,YYRW
YYTA,small_airport,Yalata Mission Airport,-31.4706,131.824997,Yalata Mission,AU-SA,YYTA,YYTA
YYUM,small_airport,Yuinmery Airport,-28.562999725341797,119.01899719238281,,AU-WA,,YYUM
YYUN,small_airport,Yunta Airport,-32.58330154418945,139.5500030517578,,AU-SA,,YYUN
YYWA,small_airport,Yowah Airport,-27.952928,144.627661,,AU-QLD,,YYWA
YYWG,small_airport,Yarrawonga Airport,-36.031512,146.027958,,AU-VIC,YYWG,YYWG
YYYA,small_airport,Mugarinya Airport,-21.285426,118.385282,Yandeyarra Station,AU-WA,,YYYA
YZAN,small_airport,Zanthus Airport,-31.036351,123.567889,,AU-WA,,YZAN
YZCE,small_airport,Churchable Airstrip,-27.429915,152.378454,Churchable,AU-QLD,,YZCE
YZHN,small_airport,Zeehan Airport,-41.888804,145.350768,,AU-TAS,,YZHN
